999
AutoCAD DXF file.
999
Creator: Ultimate Unwrap3D Pro (x64) v3.50.67
999
Time: Fri Aug 14 22:17:33 2026
999
This file contains 3D triangular mesh geometry.
  0
SECTION
  2
HEADER
  9
$ACADVER
  1
AC1009
  0
ENDSEC
  0
SECTION
  2
BLOCKS
  0
ENDSEC
  0
SECTION
  2
ENTITIES
  0
3DFACE
  8
Default_Layer
 10
1.009066
 20
32.282539
 30
3.825429
 11
1.009065
 21
32.282539
 31
4.780115
 12
2.974650
 22
32.282539
 32
4.780116
 13
2.974650
 23
32.282539
 33
4.780116
  0
3DFACE
  8
Default_Layer
 10
2.974650
 20
32.282539
 30
4.780116
 11
2.974650
 21
32.282539
 31
3.825430
 12
1.009066
 22
32.282539
 32
3.825429
 13
1.009066
 23
32.282539
 33
3.825429
  0
3DFACE
  8
Default_Layer
 10
1.009065
 20
32.282539
 30
4.780115
 11
1.009065
 21
31.455757
 31
5.257458
 12
2.974650
 22
31.455757
 32
5.257458
 13
2.974650
 23
31.455757
 33
5.257458
  0
3DFACE
  8
Default_Layer
 10
2.974650
 20
31.455757
 30
5.257458
 11
2.974650
 21
32.282539
 31
4.780116
 12
1.009065
 22
32.282539
 32
4.780115
 13
1.009065
 23
32.282539
 33
4.780115
  0
3DFACE
  8
Default_Layer
 10
1.009065
 20
31.455757
 30
5.257458
 11
1.009065
 21
30.628975
 31
4.780115
 12
2.974650
 22
30.628975
 32
4.780116
 13
2.974650
 23
30.628975
 33
4.780116
  0
3DFACE
  8
Default_Layer
 10
2.974650
 20
30.628975
 30
4.780116
 11
2.974650
 21
31.455757
 31
5.257458
 12
1.009065
 22
31.455757
 32
5.257458
 13
1.009065
 23
31.455757
 33
5.257458
  0
3DFACE
  8
Default_Layer
 10
1.009065
 20
30.628975
 30
4.780115
 11
1.009066
 21
30.628975
 31
3.825429
 12
2.974650
 22
30.628975
 32
3.825430
 13
2.974650
 23
30.628975
 33
3.825430
  0
3DFACE
  8
Default_Layer
 10
2.974650
 20
30.628975
 30
3.825430
 11
2.974650
 21
30.628975
 31
4.780116
 12
1.009065
 22
30.628975
 32
4.780115
 13
1.009065
 23
30.628975
 33
4.780115
  0
3DFACE
  8
Default_Layer
 10
1.009065
 20
31.455757
 30
5.257458
 11
1.009065
 21
32.282539
 31
4.780115
 12
1.009066
 22
32.282539
 32
3.825429
 13
1.009066
 23
32.282539
 33
3.825429
  0
3DFACE
  8
Default_Layer
 10
1.009065
 20
30.628975
 30
4.780115
 11
1.009065
 21
31.455757
 31
5.257458
 12
1.009066
 22
32.282539
 32
3.825429
 13
1.009066
 23
32.282539
 33
3.825429
  0
3DFACE
  8
Default_Layer
 10
1.009066
 20
30.628975
 30
3.825429
 11
1.009065
 21
30.628975
 31
4.780115
 12
1.009066
 22
32.282539
 32
3.825429
 13
1.009066
 23
32.282539
 33
3.825429
  0
3DFACE
  8
Default_Layer
 10
2.974650
 20
32.282539
 30
3.825430
 11
2.974650
 21
32.282539
 31
4.780116
 12
2.974650
 22
31.455757
 32
5.257458
 13
2.974650
 23
31.455757
 33
5.257458
  0
3DFACE
  8
Default_Layer
 10
2.974650
 20
31.455757
 30
5.257458
 11
2.974650
 21
30.628975
 31
4.780116
 12
2.974650
 22
30.628975
 32
3.825430
 13
2.974650
 23
30.628975
 33
3.825430
  0
3DFACE
  8
Default_Layer
 10
2.974650
 20
32.282539
 30
3.825430
 11
2.974650
 21
31.455757
 31
5.257458
 12
2.974650
 22
30.628975
 32
3.825430
 13
2.974650
 23
30.628975
 33
3.825430
  0
3DFACE
  8
Default_Layer
 10
1.418988
 20
30.665051
 30
4.775721
 11
2.566564
 21
30.665051
 31
4.775721
 12
2.566564
 22
30.665051
 32
6.408736
 13
2.566564
 23
30.665051
 33
6.408736
  0
3DFACE
  8
Default_Layer
 10
2.566564
 20
30.665051
 30
6.408736
 11
1.418988
 21
30.665051
 31
6.408736
 12
1.418988
 22
30.665051
 32
4.775721
 13
1.418988
 23
30.665051
 33
4.775721
  0
3DFACE
  8
Default_Layer
 10
2.753110
 20
30.848200
 30
4.775721
 11
2.753110
 21
32.059235
 31
4.775721
 12
2.753110
 22
32.059235
 32
6.408736
 13
2.753110
 23
32.059235
 33
6.408736
  0
3DFACE
  8
Default_Layer
 10
2.753110
 20
32.059235
 30
6.408736
 11
2.753110
 21
30.848200
 31
6.408736
 12
2.753110
 22
30.848200
 32
4.775721
 13
2.753110
 23
30.848200
 33
4.775721
  0
3DFACE
  8
Default_Layer
 10
2.566564
 20
32.242386
 30
4.775721
 11
1.418988
 21
32.242386
 31
4.775721
 12
1.418988
 22
32.242386
 32
6.408736
 13
1.418988
 23
32.242386
 33
6.408736
  0
3DFACE
  8
Default_Layer
 10
1.418988
 20
32.242386
 30
6.408736
 11
2.566564
 21
32.242386
 31
6.408736
 12
2.566564
 22
32.242386
 32
4.775721
 13
2.566564
 23
32.242386
 33
4.775721
  0
3DFACE
  8
Default_Layer
 10
1.232442
 20
32.059235
 30
4.775721
 11
1.232442
 21
30.848200
 31
4.775721
 12
1.232442
 22
30.848200
 32
6.408736
 13
1.232442
 23
30.848200
 33
6.408736
  0
3DFACE
  8
Default_Layer
 10
1.232442
 20
30.848200
 30
6.408736
 11
1.232442
 21
32.059235
 31
6.408736
 12
1.232442
 22
32.059235
 32
4.775721
 13
1.232442
 23
32.059235
 33
4.775721
  0
3DFACE
  8
Default_Layer
 10
2.753110
 20
30.848200
 30
4.775721
 11
2.753110
 21
30.848200
 31
6.408736
 12
2.566564
 22
30.665051
 32
6.408736
 13
2.566564
 23
30.665051
 33
6.408736
  0
3DFACE
  8
Default_Layer
 10
2.566564
 20
30.665051
 30
6.408736
 11
2.566564
 21
30.665051
 31
4.775721
 12
2.753110
 22
30.848200
 32
4.775721
 13
2.753110
 23
30.848200
 33
4.775721
  0
3DFACE
  8
Default_Layer
 10
1.232442
 20
30.848200
 30
6.408736
 11
1.232442
 21
30.848200
 31
4.775721
 12
1.418988
 22
30.665051
 32
4.775721
 13
1.418988
 23
30.665051
 33
4.775721
  0
3DFACE
  8
Default_Layer
 10
1.418988
 20
30.665051
 30
4.775721
 11
1.418988
 21
30.665051
 31
6.408736
 12
1.232442
 22
30.848200
 32
6.408736
 13
1.232442
 23
30.848200
 33
6.408736
  0
3DFACE
  8
Default_Layer
 10
1.232442
 20
32.059235
 30
4.775721
 11
1.232442
 21
32.059235
 31
6.408736
 12
1.418988
 22
32.242386
 32
6.408736
 13
1.418988
 23
32.242386
 33
6.408736
  0
3DFACE
  8
Default_Layer
 10
1.418988
 20
32.242386
 30
6.408736
 11
1.418988
 21
32.242386
 31
4.775721
 12
1.232442
 22
32.059235
 32
4.775721
 13
1.232442
 23
32.059235
 33
4.775721
  0
3DFACE
  8
Default_Layer
 10
2.753110
 20
32.059235
 30
6.408736
 11
2.753110
 21
32.059235
 31
4.775721
 12
2.566564
 22
32.242386
 32
4.775721
 13
2.566564
 23
32.242386
 33
4.775721
  0
3DFACE
  8
Default_Layer
 10
2.566564
 20
32.242386
 30
4.775721
 11
2.566564
 21
32.242386
 31
6.408736
 12
2.753110
 22
32.059235
 32
6.408736
 13
2.753110
 23
32.059235
 33
6.408736
  0
3DFACE
  8
Default_Layer
 10
2.753110
 20
30.848200
 30
6.408736
 11
2.753110
 21
32.059235
 31
6.408736
 12
2.438109
 22
31.703638
 32
6.408736
 13
2.438109
 23
31.703638
 33
6.408736
  0
3DFACE
  8
Default_Layer
 10
2.438109
 20
31.703638
 30
6.408736
 11
2.438109
 21
31.203798
 31
6.408736
 12
2.753110
 22
30.848200
 32
6.408736
 13
2.753110
 23
30.848200
 33
6.408736
  0
3DFACE
  8
Default_Layer
 10
2.753110
 20
32.059235
 30
6.408736
 11
2.566564
 21
32.242386
 31
6.408736
 12
2.227559
 22
31.915648
 32
6.408736
 13
2.227559
 23
31.915648
 33
6.408736
  0
3DFACE
  8
Default_Layer
 10
2.227559
 20
31.915648
 30
6.408736
 11
2.438109
 21
31.703638
 31
6.408736
 12
2.753110
 22
32.059235
 32
6.408736
 13
2.753110
 23
32.059235
 33
6.408736
  0
3DFACE
  8
Default_Layer
 10
2.566564
 20
32.242386
 30
6.408736
 11
1.418988
 21
32.242386
 31
6.408736
 12
1.757993
 22
31.915648
 32
6.408736
 13
1.757993
 23
31.915648
 33
6.408736
  0
3DFACE
  8
Default_Layer
 10
1.757993
 20
31.915648
 30
6.408736
 11
2.227559
 21
31.915648
 31
6.408736
 12
2.566564
 22
32.242386
 32
6.408736
 13
2.566564
 23
32.242386
 33
6.408736
  0
3DFACE
  8
Default_Layer
 10
1.418988
 20
32.242386
 30
6.408736
 11
1.232442
 21
32.059235
 31
6.408736
 12
1.547442
 22
31.703638
 32
6.408736
 13
1.547442
 23
31.703638
 33
6.408736
  0
3DFACE
  8
Default_Layer
 10
1.547442
 20
31.703638
 30
6.408736
 11
1.757993
 21
31.915648
 31
6.408736
 12
1.418988
 22
32.242386
 32
6.408736
 13
1.418988
 23
32.242386
 33
6.408736
  0
3DFACE
  8
Default_Layer
 10
1.232442
 20
32.059235
 30
6.408736
 11
1.232442
 21
30.848200
 31
6.408736
 12
1.547442
 22
31.203798
 32
6.408736
 13
1.547442
 23
31.203798
 33
6.408736
  0
3DFACE
  8
Default_Layer
 10
1.547442
 20
31.203798
 30
6.408736
 11
1.547442
 21
31.703638
 31
6.408736
 12
1.232442
 22
32.059235
 32
6.408736
 13
1.232442
 23
32.059235
 33
6.408736
  0
3DFACE
  8
Default_Layer
 10
1.232442
 20
30.848200
 30
6.408736
 11
1.418988
 21
30.665051
 31
6.408736
 12
1.757993
 22
30.991789
 32
6.408736
 13
1.757993
 23
30.991789
 33
6.408736
  0
3DFACE
  8
Default_Layer
 10
1.757993
 20
30.991789
 30
6.408736
 11
1.547442
 21
31.203798
 31
6.408736
 12
1.232442
 22
30.848200
 32
6.408736
 13
1.232442
 23
30.848200
 33
6.408736
  0
3DFACE
  8
Default_Layer
 10
1.418988
 20
30.665051
 30
6.408736
 11
2.566564
 21
30.665051
 31
6.408736
 12
2.227559
 22
30.991789
 32
6.408736
 13
2.227559
 23
30.991789
 33
6.408736
  0
3DFACE
  8
Default_Layer
 10
2.227559
 20
30.991789
 30
6.408736
 11
1.757993
 21
30.991789
 31
6.408736
 12
1.418988
 22
30.665051
 32
6.408736
 13
1.418988
 23
30.665051
 33
6.408736
  0
3DFACE
  8
Default_Layer
 10
2.566564
 20
30.665051
 30
6.408736
 11
2.753110
 21
30.848200
 31
6.408736
 12
2.438109
 22
31.203798
 32
6.408736
 13
2.438109
 23
31.203798
 33
6.408736
  0
3DFACE
  8
Default_Layer
 10
2.438109
 20
31.203798
 30
6.408736
 11
2.227559
 21
30.991789
 31
6.408736
 12
2.566564
 22
30.665051
 32
6.408736
 13
2.566564
 23
30.665051
 33
6.408736
  0
3DFACE
  8
Default_Layer
 10
2.438109
 20
31.203798
 30
6.408736
 11
2.438109
 21
31.703638
 31
6.408736
 12
2.438109
 22
31.703638
 32
6.277134
 13
2.438109
 23
31.703638
 33
6.277134
  0
3DFACE
  8
Default_Layer
 10
2.438109
 20
31.703638
 30
6.277134
 11
2.438109
 21
31.203798
 31
6.277134
 12
2.438109
 22
31.203798
 32
6.408736
 13
2.438109
 23
31.203798
 33
6.408736
  0
3DFACE
  8
Default_Layer
 10
2.438109
 20
31.703638
 30
6.408736
 11
2.227559
 21
31.915648
 31
6.408736
 12
2.227559
 22
31.915648
 32
6.277134
 13
2.227559
 23
31.915648
 33
6.277134
  0
3DFACE
  8
Default_Layer
 10
2.227559
 20
31.915648
 30
6.277134
 11
2.438109
 21
31.703638
 31
6.277134
 12
2.438109
 22
31.703638
 32
6.408736
 13
2.438109
 23
31.703638
 33
6.408736
  0
3DFACE
  8
Default_Layer
 10
2.227559
 20
31.915648
 30
6.408736
 11
1.757993
 21
31.915648
 31
6.408736
 12
1.757993
 22
31.915648
 32
6.277134
 13
1.757993
 23
31.915648
 33
6.277134
  0
3DFACE
  8
Default_Layer
 10
1.757993
 20
31.915648
 30
6.277134
 11
2.227559
 21
31.915648
 31
6.277134
 12
2.227559
 22
31.915648
 32
6.408736
 13
2.227559
 23
31.915648
 33
6.408736
  0
3DFACE
  8
Default_Layer
 10
1.757993
 20
31.915648
 30
6.408736
 11
1.547442
 21
31.703638
 31
6.408736
 12
1.547442
 22
31.703638
 32
6.277134
 13
1.547442
 23
31.703638
 33
6.277134
  0
3DFACE
  8
Default_Layer
 10
1.547442
 20
31.703638
 30
6.277134
 11
1.757993
 21
31.915648
 31
6.277134
 12
1.757993
 22
31.915648
 32
6.408736
 13
1.757993
 23
31.915648
 33
6.408736
  0
3DFACE
  8
Default_Layer
 10
1.547442
 20
31.703638
 30
6.408736
 11
1.547442
 21
31.203798
 31
6.408736
 12
1.547442
 22
31.203798
 32
6.277134
 13
1.547442
 23
31.203798
 33
6.277134
  0
3DFACE
  8
Default_Layer
 10
1.547442
 20
31.203798
 30
6.277134
 11
1.547442
 21
31.703638
 31
6.277134
 12
1.547442
 22
31.703638
 32
6.408736
 13
1.547442
 23
31.703638
 33
6.408736
  0
3DFACE
  8
Default_Layer
 10
1.547442
 20
31.203798
 30
6.408736
 11
1.757993
 21
30.991789
 31
6.408736
 12
1.757993
 22
30.991789
 32
6.277134
 13
1.757993
 23
30.991789
 33
6.277134
  0
3DFACE
  8
Default_Layer
 10
1.757993
 20
30.991789
 30
6.277134
 11
1.547442
 21
31.203798
 31
6.277134
 12
1.547442
 22
31.203798
 32
6.408736
 13
1.547442
 23
31.203798
 33
6.408736
  0
3DFACE
  8
Default_Layer
 10
1.757993
 20
30.991789
 30
6.408736
 11
2.227559
 21
30.991789
 31
6.408736
 12
2.227559
 22
30.991789
 32
6.277134
 13
2.227559
 23
30.991789
 33
6.277134
  0
3DFACE
  8
Default_Layer
 10
2.227559
 20
30.991789
 30
6.277134
 11
1.757993
 21
30.991789
 31
6.277134
 12
1.757993
 22
30.991789
 32
6.408736
 13
1.757993
 23
30.991789
 33
6.408736
  0
3DFACE
  8
Default_Layer
 10
2.227559
 20
30.991789
 30
6.408736
 11
2.438109
 21
31.203798
 31
6.408736
 12
2.438109
 22
31.203798
 32
6.277134
 13
2.438109
 23
31.203798
 33
6.277134
  0
3DFACE
  8
Default_Layer
 10
2.438109
 20
31.203798
 30
6.277134
 11
2.227559
 21
30.991789
 31
6.277134
 12
2.227559
 22
30.991789
 32
6.408736
 13
2.227559
 23
30.991789
 33
6.408736
  0
3DFACE
  8
Default_Layer
 10
2.438109
 20
31.203798
 30
6.277134
 11
2.438109
 21
31.703638
 31
6.277134
 12
1.993375
 22
31.454054
 32
6.525347
 13
1.993375
 23
31.454054
 33
6.525347
  0
3DFACE
  8
Default_Layer
 10
2.438109
 20
31.703638
 30
6.277134
 11
2.227559
 21
31.915648
 31
6.277134
 12
1.993375
 22
31.454054
 32
6.525347
 13
1.993375
 23
31.454054
 33
6.525347
  0
3DFACE
  8
Default_Layer
 10
1.993375
 20
31.454054
 30
6.525347
 11
1.993375
 21
31.454054
 31
6.525347
 12
2.438109
 22
31.703638
 32
6.277134
 13
2.438109
 23
31.703638
 33
6.277134
  0
3DFACE
  8
Default_Layer
 10
2.227559
 20
31.915648
 30
6.277134
 11
1.757993
 21
31.915648
 31
6.277134
 12
1.993375
 22
31.454054
 32
6.525347
 13
1.993375
 23
31.454054
 33
6.525347
  0
3DFACE
  8
Default_Layer
 10
1.757993
 20
31.915648
 30
6.277134
 11
1.547442
 21
31.703638
 31
6.277134
 12
1.993375
 22
31.454054
 32
6.525347
 13
1.993375
 23
31.454054
 33
6.525347
  0
3DFACE
  8
Default_Layer
 10
1.547442
 20
31.703638
 30
6.277134
 11
1.547442
 21
31.203798
 31
6.277134
 12
1.993375
 22
31.454054
 32
6.525347
 13
1.993375
 23
31.454054
 33
6.525347
  0
3DFACE
  8
Default_Layer
 10
1.547442
 20
31.203798
 30
6.277134
 11
1.757993
 21
30.991789
 31
6.277134
 12
1.993375
 22
31.454054
 32
6.525347
 13
1.993375
 23
31.454054
 33
6.525347
  0
3DFACE
  8
Default_Layer
 10
1.757993
 20
30.991789
 30
6.277134
 11
2.227559
 21
30.991789
 31
6.277134
 12
1.993375
 22
31.454054
 32
6.525347
 13
1.993375
 23
31.454054
 33
6.525347
  0
3DFACE
  8
Default_Layer
 10
2.227559
 20
30.991789
 30
6.277134
 11
2.438109
 21
31.203798
 31
6.277134
 12
1.993375
 22
31.454054
 32
6.525347
 13
1.993375
 23
31.454054
 33
6.525347
  0
3DFACE
  8
Default_Layer
 10
-2.410809
 20
24.411884
 30
-3.122043
 11
-2.410809
 21
26.860498
 31
-3.122042
 12
2.369982
 22
26.860498
 32
-3.122042
 13
2.369982
 23
26.860498
 33
-3.122042
  0
3DFACE
  8
Default_Layer
 10
2.369982
 20
26.860498
 30
-3.122042
 11
2.369982
 21
24.411884
 31
-3.122042
 12
-2.410809
 22
24.411884
 32
-3.122043
 13
-2.410809
 23
24.411884
 33
-3.122043
  0
3DFACE
  8
Default_Layer
 10
-2.410810
 20
23.246267
 30
4.338769
 11
2.369981
 21
23.246267
 31
4.338771
 12
2.369981
 22
26.462000
 32
4.338770
 13
2.369981
 23
26.462000
 33
4.338770
  0
3DFACE
  8
Default_Layer
 10
2.369981
 20
26.462000
 30
4.338770
 11
-2.410810
 21
26.462000
 31
4.338769
 12
-2.410810
 22
23.246267
 32
4.338769
 13
-2.410810
 23
23.246267
 33
4.338769
  0
3DFACE
  8
Default_Layer
 10
-2.410809
 20
22.222506
 30
-2.208484
 11
2.369982
 21
22.222506
 31
-2.208483
 12
2.369981
 22
22.222506
 32
2.835470
 13
2.369981
 23
22.222506
 33
2.835470
  0
3DFACE
  8
Default_Layer
 10
2.369981
 20
22.222506
 30
2.835470
 11
-2.410810
 21
22.222506
 31
2.835469
 12
-2.410809
 22
22.222506
 32
-2.208484
 13
-2.410809
 23
22.222506
 33
-2.208484
  0
3DFACE
  8
Default_Layer
 10
4.196010
 20
23.510220
 30
-1.135863
 11
4.196010
 21
26.252752
 31
-1.135862
 12
4.196009
 22
26.252752
 32
1.789201
 13
4.196009
 23
26.252752
 33
1.789201
  0
3DFACE
  8
Default_Layer
 10
4.196009
 20
26.252752
 30
1.789201
 11
4.196009
 21
23.510220
 31
1.789201
 12
4.196010
 22
23.510220
 32
-1.135863
 13
4.196010
 23
23.510220
 33
-1.135863
  0
3DFACE
  8
Default_Layer
 10
2.369982
 20
27.485762
 30
-2.208483
 11
-2.410809
 21
27.485762
 31
-2.208484
 12
-2.410810
 22
27.485762
 32
2.835469
 13
-2.410810
 23
27.485762
 33
2.835469
  0
3DFACE
  8
Default_Layer
 10
-2.410810
 20
27.485762
 30
2.835469
 11
2.369981
 21
27.485762
 31
2.835470
 12
2.369982
 22
27.485762
 32
-2.208483
 13
2.369982
 23
27.485762
 33
-2.208483
  0
3DFACE
  8
Default_Layer
 10
-4.236835
 20
26.252752
 30
-1.135863
 11
-4.236835
 21
23.510220
 31
-1.135863
 12
-4.236836
 22
23.510220
 32
1.789200
 13
-4.236836
 23
23.510220
 33
1.789200
  0
3DFACE
  8
Default_Layer
 10
-4.236836
 20
23.510220
 30
1.789200
 11
-4.236836
 21
26.252752
 31
1.789200
 12
-4.236835
 22
26.252752
 32
-1.135863
 13
-4.236835
 23
26.252752
 33
-1.135863
  0
3DFACE
  8
Default_Layer
 10
-3.185764
 20
22.802088
 30
-1.857239
 11
-3.185764
 21
26.960884
 31
-1.857239
 12
-3.185765
 22
26.466827
 32
-2.648336
 13
-3.185765
 23
26.466827
 33
-2.648336
  0
3DFACE
  8
Default_Layer
 10
-3.185765
 20
26.466827
 30
-2.648336
 11
-3.185765
 21
24.532040
 31
-2.648337
 12
-3.185764
 22
22.802088
 32
-1.857239
 13
-3.185764
 23
22.802088
 33
-1.857239
  0
3DFACE
  8
Default_Layer
 10
-2.410809
 20
27.485762
 30
-2.208484
 11
2.369982
 21
27.485762
 31
-2.208483
 12
2.369982
 22
26.860498
 32
-3.122042
 13
2.369982
 23
26.860498
 33
-3.122042
  0
3DFACE
  8
Default_Layer
 10
2.369982
 20
26.860498
 30
-3.122042
 11
-2.410809
 21
26.860498
 31
-3.122042
 12
-2.410809
 22
27.485762
 32
-2.208484
 13
-2.410809
 23
27.485762
 33
-2.208484
  0
3DFACE
  8
Default_Layer
 10
3.144938
 20
26.960884
 30
-1.857238
 11
3.144938
 21
22.802088
 31
-1.857239
 12
3.144938
 22
24.532040
 32
-2.648336
 13
3.144938
 23
24.532040
 33
-2.648336
  0
3DFACE
  8
Default_Layer
 10
3.144938
 20
24.532040
 30
-2.648336
 11
3.144938
 21
26.466827
 31
-2.648335
 12
3.144938
 22
26.960884
 32
-1.857238
 13
3.144938
 23
26.960884
 33
-1.857238
  0
3DFACE
  8
Default_Layer
 10
2.369982
 20
22.222506
 30
-2.208483
 11
-2.410809
 21
22.222506
 31
-2.208484
 12
-2.410809
 22
24.411884
 32
-3.122043
 13
-2.410809
 23
24.411884
 33
-3.122043
  0
3DFACE
  8
Default_Layer
 10
-2.410809
 20
24.411884
 30
-3.122043
 11
2.369982
 21
24.411884
 31
-3.122042
 12
2.369982
 22
22.222506
 32
-2.208483
 13
2.369982
 23
22.222506
 33
-2.208483
  0
3DFACE
  8
Default_Layer
 10
-2.410810
 20
22.222506
 30
2.835469
 11
2.369981
 21
22.222506
 31
2.835470
 12
2.369981
 22
23.246267
 32
4.338771
 13
2.369981
 23
23.246267
 33
4.338771
  0
3DFACE
  8
Default_Layer
 10
2.369981
 20
23.246267
 30
4.338771
 11
-2.410810
 21
23.246267
 31
4.338769
 12
-2.410810
 22
22.222506
 32
2.835469
 13
-2.410810
 23
22.222506
 33
2.835469
  0
3DFACE
  8
Default_Layer
 10
3.144937
 20
22.802088
 30
2.510578
 11
3.144937
 21
26.960882
 31
2.510577
 12
3.144937
 22
26.151951
 32
3.812361
 13
3.144937
 23
26.151951
 33
3.812361
  0
3DFACE
  8
Default_Layer
 10
3.144937
 20
26.151951
 30
3.812361
 11
3.144937
 21
23.611019
 31
3.812362
 12
3.144937
 22
22.802088
 32
2.510578
 13
3.144937
 23
22.802088
 33
2.510578
  0
3DFACE
  8
Default_Layer
 10
2.369981
 20
27.485762
 30
2.835470
 11
-2.410810
 21
27.485762
 31
2.835469
 12
-2.410810
 22
26.462000
 32
4.338769
 13
-2.410810
 23
26.462000
 33
4.338769
  0
3DFACE
  8
Default_Layer
 10
-2.410810
 20
26.462000
 30
4.338769
 11
2.369981
 21
26.462000
 31
4.338770
 12
2.369981
 22
27.485762
 32
2.835470
 13
2.369981
 23
27.485762
 33
2.835470
  0
3DFACE
  8
Default_Layer
 10
-3.185765
 20
26.960882
 30
2.510576
 11
-3.185765
 21
22.802088
 31
2.510577
 12
-3.185765
 22
23.611019
 32
3.812360
 13
-3.185765
 23
23.611019
 33
3.812360
  0
3DFACE
  8
Default_Layer
 10
-3.185765
 20
23.611019
 30
3.812360
 11
-3.185765
 21
26.151951
 31
3.812361
 12
-3.185765
 22
26.960882
 32
2.510576
 13
-3.185765
 23
26.960882
 33
2.510576
  0
3DFACE
  8
Default_Layer
 10
2.369981
 20
22.222506
 30
2.835470
 11
2.369982
 21
22.222506
 31
-2.208483
 12
3.144938
 22
22.802088
 32
-1.857239
 13
3.144938
 23
22.802088
 33
-1.857239
  0
3DFACE
  8
Default_Layer
 10
3.144938
 20
22.802088
 30
-1.857239
 11
3.144937
 21
22.802088
 31
2.510578
 12
2.369981
 22
22.222506
 32
2.835470
 13
2.369981
 23
22.222506
 33
2.835470
  0
3DFACE
  8
Default_Layer
 10
2.369982
 20
22.222506
 30
-2.208483
 11
2.369982
 21
24.411884
 31
-3.122042
 12
3.144938
 22
24.532040
 32
-2.648336
 13
3.144938
 23
24.532040
 33
-2.648336
  0
3DFACE
  8
Default_Layer
 10
3.144938
 20
24.532040
 30
-2.648336
 11
3.144938
 21
22.802088
 31
-1.857239
 12
2.369982
 22
22.222506
 32
-2.208483
 13
2.369982
 23
22.222506
 33
-2.208483
  0
3DFACE
  8
Default_Layer
 10
2.369982
 20
24.411884
 30
-3.122042
 11
2.369982
 21
26.860498
 31
-3.122042
 12
3.144938
 22
26.466827
 32
-2.648335
 13
3.144938
 23
26.466827
 33
-2.648335
  0
3DFACE
  8
Default_Layer
 10
3.144938
 20
26.466827
 30
-2.648335
 11
3.144938
 21
24.532040
 31
-2.648336
 12
2.369982
 22
24.411884
 32
-3.122042
 13
2.369982
 23
24.411884
 33
-3.122042
  0
3DFACE
  8
Default_Layer
 10
2.369982
 20
26.860498
 30
-3.122042
 11
2.369982
 21
27.485762
 31
-2.208483
 12
3.144938
 22
26.960884
 32
-1.857238
 13
3.144938
 23
26.960884
 33
-1.857238
  0
3DFACE
  8
Default_Layer
 10
3.144938
 20
26.960884
 30
-1.857238
 11
3.144938
 21
26.466827
 31
-2.648335
 12
2.369982
 22
26.860498
 32
-3.122042
 13
2.369982
 23
26.860498
 33
-3.122042
  0
3DFACE
  8
Default_Layer
 10
2.369982
 20
27.485762
 30
-2.208483
 11
2.369981
 21
27.485762
 31
2.835470
 12
3.144937
 22
26.960882
 32
2.510577
 13
3.144937
 23
26.960882
 33
2.510577
  0
3DFACE
  8
Default_Layer
 10
3.144937
 20
26.960882
 30
2.510577
 11
3.144938
 21
26.960884
 31
-1.857238
 12
2.369982
 22
27.485762
 32
-2.208483
 13
2.369982
 23
27.485762
 33
-2.208483
  0
3DFACE
  8
Default_Layer
 10
2.369981
 20
27.485762
 30
2.835470
 11
2.369981
 21
26.462000
 31
4.338770
 12
3.144937
 22
26.151951
 32
3.812361
 13
3.144937
 23
26.151951
 33
3.812361
  0
3DFACE
  8
Default_Layer
 10
3.144937
 20
26.151951
 30
3.812361
 11
3.144937
 21
26.960882
 31
2.510577
 12
2.369981
 22
27.485762
 32
2.835470
 13
2.369981
 23
27.485762
 33
2.835470
  0
3DFACE
  8
Default_Layer
 10
2.369981
 20
26.462000
 30
4.338770
 11
2.369981
 21
23.246267
 31
4.338771
 12
3.144937
 22
23.611019
 32
3.812362
 13
3.144937
 23
23.611019
 33
3.812362
  0
3DFACE
  8
Default_Layer
 10
3.144937
 20
23.611019
 30
3.812362
 11
3.144937
 21
26.151951
 31
3.812361
 12
2.369981
 22
26.462000
 32
4.338770
 13
2.369981
 23
26.462000
 33
4.338770
  0
3DFACE
  8
Default_Layer
 10
2.369981
 20
23.246267
 30
4.338771
 11
2.369981
 21
22.222506
 31
2.835470
 12
3.144937
 22
22.802088
 32
2.510578
 13
3.144937
 23
22.802088
 33
2.510578
  0
3DFACE
  8
Default_Layer
 10
3.144937
 20
22.802088
 30
2.510578
 11
3.144937
 21
23.611019
 31
3.812362
 12
2.369981
 22
23.246267
 32
4.338771
 13
2.369981
 23
23.246267
 33
4.338771
  0
3DFACE
  8
Default_Layer
 10
-2.410809
 20
22.222506
 30
-2.208484
 11
-2.410810
 21
22.222506
 31
2.835469
 12
-3.185765
 22
22.802088
 32
2.510577
 13
-3.185765
 23
22.802088
 33
2.510577
  0
3DFACE
  8
Default_Layer
 10
-3.185765
 20
22.802088
 30
2.510577
 11
-3.185764
 21
22.802088
 31
-1.857239
 12
-2.410809
 22
22.222506
 32
-2.208484
 13
-2.410809
 23
22.222506
 33
-2.208484
  0
3DFACE
  8
Default_Layer
 10
-2.410810
 20
22.222506
 30
2.835469
 11
-2.410810
 21
23.246267
 31
4.338769
 12
-3.185765
 22
23.611019
 32
3.812360
 13
-3.185765
 23
23.611019
 33
3.812360
  0
3DFACE
  8
Default_Layer
 10
-3.185765
 20
23.611019
 30
3.812360
 11
-3.185765
 21
22.802088
 31
2.510577
 12
-2.410810
 22
22.222506
 32
2.835469
 13
-2.410810
 23
22.222506
 33
2.835469
  0
3DFACE
  8
Default_Layer
 10
-2.410810
 20
23.246267
 30
4.338769
 11
-2.410810
 21
26.462000
 31
4.338769
 12
-3.185765
 22
26.151951
 32
3.812361
 13
-3.185765
 23
26.151951
 33
3.812361
  0
3DFACE
  8
Default_Layer
 10
-3.185765
 20
26.151951
 30
3.812361
 11
-3.185765
 21
23.611019
 31
3.812360
 12
-2.410810
 22
23.246267
 32
4.338769
 13
-2.410810
 23
23.246267
 33
4.338769
  0
3DFACE
  8
Default_Layer
 10
-2.410810
 20
26.462000
 30
4.338769
 11
-2.410810
 21
27.485762
 31
2.835469
 12
-3.185765
 22
26.960882
 32
2.510576
 13
-3.185765
 23
26.960882
 33
2.510576
  0
3DFACE
  8
Default_Layer
 10
-3.185765
 20
26.960882
 30
2.510576
 11
-3.185765
 21
26.151951
 31
3.812361
 12
-2.410810
 22
26.462000
 32
4.338769
 13
-2.410810
 23
26.462000
 33
4.338769
  0
3DFACE
  8
Default_Layer
 10
-2.410810
 20
27.485762
 30
2.835469
 11
-2.410809
 21
27.485762
 31
-2.208484
 12
-3.185764
 22
26.960884
 32
-1.857239
 13
-3.185764
 23
26.960884
 33
-1.857239
  0
3DFACE
  8
Default_Layer
 10
-3.185764
 20
26.960884
 30
-1.857239
 11
-3.185765
 21
26.960882
 31
2.510576
 12
-2.410810
 22
27.485762
 32
2.835469
 13
-2.410810
 23
27.485762
 33
2.835469
  0
3DFACE
  8
Default_Layer
 10
-2.410809
 20
27.485762
 30
-2.208484
 11
-2.410809
 21
26.860498
 31
-3.122042
 12
-3.185765
 22
26.466827
 32
-2.648336
 13
-3.185765
 23
26.466827
 33
-2.648336
  0
3DFACE
  8
Default_Layer
 10
-3.185765
 20
26.466827
 30
-2.648336
 11
-3.185764
 21
26.960884
 31
-1.857239
 12
-2.410809
 22
27.485762
 32
-2.208484
 13
-2.410809
 23
27.485762
 33
-2.208484
  0
3DFACE
  8
Default_Layer
 10
-2.410809
 20
26.860498
 30
-3.122042
 11
-2.410809
 21
24.411884
 31
-3.122043
 12
-3.185765
 22
24.532040
 32
-2.648337
 13
-3.185765
 23
24.532040
 33
-2.648337
  0
3DFACE
  8
Default_Layer
 10
-3.185765
 20
24.532040
 30
-2.648337
 11
-3.185765
 21
26.466827
 31
-2.648336
 12
-2.410809
 22
26.860498
 32
-3.122042
 13
-2.410809
 23
26.860498
 33
-3.122042
  0
3DFACE
  8
Default_Layer
 10
-2.410809
 20
24.411884
 30
-3.122043
 11
-2.410809
 21
22.222506
 31
-2.208484
 12
-3.185764
 22
22.802088
 32
-1.857239
 13
-3.185764
 23
22.802088
 33
-1.857239
  0
3DFACE
  8
Default_Layer
 10
-3.185764
 20
22.802088
 30
-1.857239
 11
-3.185765
 21
24.532040
 31
-2.648337
 12
-2.410809
 22
24.411884
 32
-3.122043
 13
-2.410809
 23
24.411884
 33
-3.122043
  0
3DFACE
  8
Default_Layer
 10
3.144938
 20
22.802088
 30
-1.857239
 11
3.144938
 21
26.960884
 31
-1.857238
 12
3.144938
 22
26.451757
 32
-1.348112
 13
3.144938
 23
26.451757
 33
-1.348112
  0
3DFACE
  8
Default_Layer
 10
3.144938
 20
26.451757
 30
-1.348112
 11
3.144938
 21
23.311214
 31
-1.348113
 12
3.144938
 22
22.802088
 32
-1.857239
 13
3.144938
 23
22.802088
 33
-1.857239
  0
3DFACE
  8
Default_Layer
 10
3.144938
 20
26.960884
 30
-1.857238
 11
3.144937
 21
26.960882
 31
2.510577
 12
3.144937
 22
26.451756
 32
2.001451
 13
3.144937
 23
26.451756
 33
2.001451
  0
3DFACE
  8
Default_Layer
 10
3.144937
 20
26.451756
 30
2.001451
 11
3.144938
 21
26.451757
 31
-1.348112
 12
3.144938
 22
26.960884
 32
-1.857238
 13
3.144938
 23
26.960884
 33
-1.857238
  0
3DFACE
  8
Default_Layer
 10
3.144937
 20
26.960882
 30
2.510577
 11
3.144937
 21
22.802088
 31
2.510578
 12
3.144937
 22
23.311214
 32
2.001451
 13
3.144937
 23
23.311214
 33
2.001451
  0
3DFACE
  8
Default_Layer
 10
3.144937
 20
23.311214
 30
2.001451
 11
3.144937
 21
26.451756
 31
2.001451
 12
3.144937
 22
26.960882
 32
2.510577
 13
3.144937
 23
26.960882
 33
2.510577
  0
3DFACE
  8
Default_Layer
 10
3.144937
 20
22.802088
 30
2.510578
 11
3.144938
 21
22.802088
 31
-1.857239
 12
3.144938
 22
23.311214
 32
-1.348113
 13
3.144938
 23
23.311214
 33
-1.348113
  0
3DFACE
  8
Default_Layer
 10
3.144938
 20
23.311214
 30
-1.348113
 11
3.144937
 21
23.311214
 31
2.001451
 12
3.144937
 22
22.802088
 32
2.510578
 13
3.144937
 23
22.802088
 33
2.510578
  0
3DFACE
  8
Default_Layer
 10
-3.185764
 20
26.960884
 30
-1.857239
 11
-3.185764
 21
22.802088
 31
-1.857239
 12
-3.185764
 22
23.311214
 32
-1.348113
 13
-3.185764
 23
23.311214
 33
-1.348113
  0
3DFACE
  8
Default_Layer
 10
-3.185764
 20
23.311214
 30
-1.348113
 11
-3.185764
 21
26.451757
 31
-1.348112
 12
-3.185764
 22
26.960884
 32
-1.857239
 13
-3.185764
 23
26.960884
 33
-1.857239
  0
3DFACE
  8
Default_Layer
 10
-3.185764
 20
22.802088
 30
-1.857239
 11
-3.185765
 21
22.802088
 31
2.510577
 12
-3.185765
 22
23.311214
 32
2.001451
 13
-3.185765
 23
23.311214
 33
2.001451
  0
3DFACE
  8
Default_Layer
 10
-3.185765
 20
23.311214
 30
2.001451
 11
-3.185764
 21
23.311214
 31
-1.348113
 12
-3.185764
 22
22.802088
 32
-1.857239
 13
-3.185764
 23
22.802088
 33
-1.857239
  0
3DFACE
  8
Default_Layer
 10
-3.185765
 20
22.802088
 30
2.510577
 11
-3.185765
 21
26.960882
 31
2.510576
 12
-3.185765
 22
26.451756
 32
2.001450
 13
-3.185765
 23
26.451756
 33
2.001450
  0
3DFACE
  8
Default_Layer
 10
-3.185765
 20
26.451756
 30
2.001450
 11
-3.185765
 21
23.311214
 31
2.001451
 12
-3.185765
 22
22.802088
 32
2.510577
 13
-3.185765
 23
22.802088
 33
2.510577
  0
3DFACE
  8
Default_Layer
 10
-3.185765
 20
26.960882
 30
2.510576
 11
-3.185764
 21
26.960884
 31
-1.857239
 12
-3.185764
 22
26.451757
 32
-1.348112
 13
-3.185764
 23
26.451757
 33
-1.348112
  0
3DFACE
  8
Default_Layer
 10
-3.185764
 20
26.451757
 30
-1.348112
 11
-3.185765
 21
26.451756
 31
2.001450
 12
-3.185765
 22
26.960882
 32
2.510576
 13
-3.185765
 23
26.960882
 33
2.510576
  0
3DFACE
  8
Default_Layer
 10
3.144938
 20
23.311214
 30
-1.348113
 11
3.144938
 21
26.451757
 31
-1.348112
 12
3.670474
 22
26.451757
 32
-1.348112
 13
3.670474
 23
26.451757
 33
-1.348112
  0
3DFACE
  8
Default_Layer
 10
3.670474
 20
26.451757
 30
-1.348112
 11
3.670474
 21
23.311214
 31
-1.348112
 12
3.144938
 22
23.311214
 32
-1.348113
 13
3.144938
 23
23.311214
 33
-1.348113
  0
3DFACE
  8
Default_Layer
 10
3.144938
 20
26.451757
 30
-1.348112
 11
3.144937
 21
26.451756
 31
2.001451
 12
3.670473
 22
26.451756
 32
2.001451
 13
3.670473
 23
26.451756
 33
2.001451
  0
3DFACE
  8
Default_Layer
 10
3.670473
 20
26.451756
 30
2.001451
 11
3.670474
 21
26.451757
 31
-1.348112
 12
3.144938
 22
26.451757
 32
-1.348112
 13
3.144938
 23
26.451757
 33
-1.348112
  0
3DFACE
  8
Default_Layer
 10
3.144937
 20
26.451756
 30
2.001451
 11
3.144937
 21
23.311214
 31
2.001451
 12
3.670473
 22
23.311214
 32
2.001451
 13
3.670473
 23
23.311214
 33
2.001451
  0
3DFACE
  8
Default_Layer
 10
3.670473
 20
23.311214
 30
2.001451
 11
3.670473
 21
26.451756
 31
2.001451
 12
3.144937
 22
26.451756
 32
2.001451
 13
3.144937
 23
26.451756
 33
2.001451
  0
3DFACE
  8
Default_Layer
 10
3.144937
 20
23.311214
 30
2.001451
 11
3.144938
 21
23.311214
 31
-1.348113
 12
3.670474
 22
23.311214
 32
-1.348112
 13
3.670474
 23
23.311214
 33
-1.348112
  0
3DFACE
  8
Default_Layer
 10
3.670474
 20
23.311214
 30
-1.348112
 11
3.670473
 21
23.311214
 31
2.001451
 12
3.144937
 22
23.311214
 32
2.001451
 13
3.144937
 23
23.311214
 33
2.001451
  0
3DFACE
  8
Default_Layer
 10
-3.185764
 20
26.451757
 30
-1.348112
 11
-3.185764
 21
23.311214
 31
-1.348113
 12
-3.711300
 22
23.311214
 32
-1.348113
 13
-3.711300
 23
23.311214
 33
-1.348113
  0
3DFACE
  8
Default_Layer
 10
-3.711300
 20
23.311214
 30
-1.348113
 11
-3.711300
 21
26.451757
 31
-1.348113
 12
-3.185764
 22
26.451757
 32
-1.348112
 13
-3.185764
 23
26.451757
 33
-1.348112
  0
3DFACE
  8
Default_Layer
 10
-3.185764
 20
23.311214
 30
-1.348113
 11
-3.185765
 21
23.311214
 31
2.001451
 12
-3.711301
 22
23.311214
 32
2.001451
 13
-3.711301
 23
23.311214
 33
2.001451
  0
3DFACE
  8
Default_Layer
 10
-3.711301
 20
23.311214
 30
2.001451
 11
-3.711300
 21
23.311214
 31
-1.348113
 12
-3.185764
 22
23.311214
 32
-1.348113
 13
-3.185764
 23
23.311214
 33
-1.348113
  0
3DFACE
  8
Default_Layer
 10
-3.185765
 20
23.311214
 30
2.001451
 11
-3.185765
 21
26.451756
 31
2.001450
 12
-3.711301
 22
26.451756
 32
2.001450
 13
-3.711301
 23
26.451756
 33
2.001450
  0
3DFACE
  8
Default_Layer
 10
-3.711301
 20
26.451756
 30
2.001450
 11
-3.711301
 21
23.311214
 31
2.001451
 12
-3.185765
 22
23.311214
 32
2.001451
 13
-3.185765
 23
23.311214
 33
2.001451
  0
3DFACE
  8
Default_Layer
 10
-3.185765
 20
26.451756
 30
2.001450
 11
-3.185764
 21
26.451757
 31
-1.348112
 12
-3.711300
 22
26.451757
 32
-1.348113
 13
-3.711300
 23
26.451757
 33
-1.348113
  0
3DFACE
  8
Default_Layer
 10
-3.711300
 20
26.451757
 30
-1.348113
 11
-3.711301
 21
26.451756
 31
2.001450
 12
-3.185765
 22
26.451756
 32
2.001450
 13
-3.185765
 23
26.451756
 33
2.001450
  0
3DFACE
  8
Default_Layer
 10
3.670474
 20
23.311214
 30
-1.348112
 11
3.670474
 21
26.451757
 31
-1.348112
 12
4.196010
 22
26.252752
 32
-1.135862
 13
4.196010
 23
26.252752
 33
-1.135862
  0
3DFACE
  8
Default_Layer
 10
4.196010
 20
26.252752
 30
-1.135862
 11
4.196010
 21
23.510220
 31
-1.135863
 12
3.670474
 22
23.311214
 32
-1.348112
 13
3.670474
 23
23.311214
 33
-1.348112
  0
3DFACE
  8
Default_Layer
 10
3.670474
 20
26.451757
 30
-1.348112
 11
3.670473
 21
26.451756
 31
2.001451
 12
4.196009
 22
26.252752
 32
1.789201
 13
4.196009
 23
26.252752
 33
1.789201
  0
3DFACE
  8
Default_Layer
 10
4.196009
 20
26.252752
 30
1.789201
 11
4.196010
 21
26.252752
 31
-1.135862
 12
3.670474
 22
26.451757
 32
-1.348112
 13
3.670474
 23
26.451757
 33
-1.348112
  0
3DFACE
  8
Default_Layer
 10
3.670473
 20
26.451756
 30
2.001451
 11
3.670473
 21
23.311214
 31
2.001451
 12
4.196009
 22
23.510220
 32
1.789201
 13
4.196009
 23
23.510220
 33
1.789201
  0
3DFACE
  8
Default_Layer
 10
4.196009
 20
23.510220
 30
1.789201
 11
4.196009
 21
26.252752
 31
1.789201
 12
3.670473
 22
26.451756
 32
2.001451
 13
3.670473
 23
26.451756
 33
2.001451
  0
3DFACE
  8
Default_Layer
 10
3.670473
 20
23.311214
 30
2.001451
 11
3.670474
 21
23.311214
 31
-1.348112
 12
4.196010
 22
23.510220
 32
-1.135863
 13
4.196010
 23
23.510220
 33
-1.135863
  0
3DFACE
  8
Default_Layer
 10
4.196010
 20
23.510220
 30
-1.135863
 11
4.196009
 21
23.510220
 31
1.789201
 12
3.670473
 22
23.311214
 32
2.001451
 13
3.670473
 23
23.311214
 33
2.001451
  0
3DFACE
  8
Default_Layer
 10
-3.711300
 20
26.451757
 30
-1.348113
 11
-3.711300
 21
23.311214
 31
-1.348113
 12
-4.236835
 22
23.510220
 32
-1.135863
 13
-4.236835
 23
23.510220
 33
-1.135863
  0
3DFACE
  8
Default_Layer
 10
-4.236835
 20
23.510220
 30
-1.135863
 11
-4.236835
 21
26.252752
 31
-1.135863
 12
-3.711300
 22
26.451757
 32
-1.348113
 13
-3.711300
 23
26.451757
 33
-1.348113
  0
3DFACE
  8
Default_Layer
 10
-3.711300
 20
23.311214
 30
-1.348113
 11
-3.711301
 21
23.311214
 31
2.001451
 12
-4.236836
 22
23.510220
 32
1.789200
 13
-4.236836
 23
23.510220
 33
1.789200
  0
3DFACE
  8
Default_Layer
 10
-4.236836
 20
23.510220
 30
1.789200
 11
-4.236835
 21
23.510220
 31
-1.135863
 12
-3.711300
 22
23.311214
 32
-1.348113
 13
-3.711300
 23
23.311214
 33
-1.348113
  0
3DFACE
  8
Default_Layer
 10
-3.711301
 20
23.311214
 30
2.001451
 11
-3.711301
 21
26.451756
 31
2.001450
 12
-4.236836
 22
26.252752
 32
1.789200
 13
-4.236836
 23
26.252752
 33
1.789200
  0
3DFACE
  8
Default_Layer
 10
-4.236836
 20
26.252752
 30
1.789200
 11
-4.236836
 21
23.510220
 31
1.789200
 12
-3.711301
 22
23.311214
 32
2.001451
 13
-3.711301
 23
23.311214
 33
2.001451
  0
3DFACE
  8
Default_Layer
 10
-3.711301
 20
26.451756
 30
2.001450
 11
-3.711300
 21
26.451757
 31
-1.348113
 12
-4.236835
 22
26.252752
 32
-1.135863
 13
-4.236835
 23
26.252752
 33
-1.135863
  0
3DFACE
  8
Default_Layer
 10
-4.236835
 20
26.252752
 30
-1.135863
 11
-4.236836
 21
26.252752
 31
1.789200
 12
-3.711301
 22
26.451756
 32
2.001450
 13
-3.711301
 23
26.451756
 33
2.001450
  0
3DFACE
  8
Default_Layer
 10
5.048927
 20
-0.019279
 30
-3.665476
 11
5.048927
 21
0.648657
 31
-3.665477
 12
6.856956
 22
0.648657
 32
-3.665475
 13
6.856956
 23
0.648657
 33
-3.665475
  0
3DFACE
  8
Default_Layer
 10
6.856956
 20
0.648657
 30
-3.665475
 11
6.856956
 21
-0.019279
 31
-3.665476
 12
5.048927
 22
-0.019279
 32
-3.665476
 13
5.048927
 23
-0.019279
 33
-3.665476
  0
3DFACE
  8
Default_Layer
 10
4.443840
 20
-0.019279
 30
-0.901565
 11
7.462041
 21
-0.019279
 31
-0.901565
 12
7.462040
 22
-0.019280
 32
2.660655
 13
7.462040
 23
-0.019280
 33
2.660655
  0
3DFACE
  8
Default_Layer
 10
7.462040
 20
-0.019280
 30
2.660655
 11
4.443839
 21
-0.019280
 31
2.660655
 12
4.443840
 22
-0.019279
 32
-0.901565
 13
4.443840
 23
-0.019279
 33
-0.901565
  0
3DFACE
  8
Default_Layer
 10
7.886360
 20
-0.019279
 30
-0.402568
 11
7.886360
 21
1.001007
 31
-0.402567
 12
7.886360
 22
1.001007
 32
2.660635
 13
7.886360
 23
1.001007
 33
2.660635
  0
3DFACE
  8
Default_Layer
 10
7.886360
 20
1.001007
 30
2.660635
 11
7.886360
 21
-0.019280
 31
2.660635
 12
7.886360
 22
-0.019279
 32
-0.402568
 13
7.886360
 23
-0.019279
 33
-0.402568
  0
3DFACE
  8
Default_Layer
 10
6.930279
 20
1.251476
 30
-0.109918
 11
4.975603
 21
1.251476
 31
-0.109918
 12
4.975602
 22
1.251475
 32
1.530402
 13
4.975602
 23
1.251475
 33
1.530402
  0
3DFACE
  8
Default_Layer
 10
4.975602
 20
1.251475
 30
1.530402
 11
6.930278
 21
1.251475
 31
1.530402
 12
6.930279
 22
1.251476
 32
-0.109918
 13
6.930279
 23
1.251476
 33
-0.109918
  0
3DFACE
  8
Default_Layer
 10
4.019521
 20
1.001007
 30
-0.402568
 11
4.019521
 21
-0.019279
 31
-0.402568
 12
4.019520
 22
-0.019280
 32
2.660635
 13
4.019520
 23
-0.019280
 33
2.660635
  0
3DFACE
  8
Default_Layer
 10
4.019520
 20
-0.019280
 30
2.660635
 11
4.019520
 21
1.001007
 31
2.660635
 12
4.019521
 22
1.001007
 32
-0.402568
 13
4.019521
 23
1.001007
 33
-0.402568
  0
3DFACE
  8
Default_Layer
 10
7.462041
 20
2.283804
 30
-0.901565
 11
4.443840
 21
2.283805
 31
-0.901565
 12
4.975602
 22
2.283804
 32
-0.358096
 13
4.975602
 23
2.283804
 33
-0.358096
  0
3DFACE
  8
Default_Layer
 10
4.975602
 20
2.283804
 30
-0.358096
 11
6.930278
 21
2.283804
 31
-0.358096
 12
7.462041
 22
2.283804
 32
-0.901565
 13
7.462041
 23
2.283804
 33
-0.901565
  0
3DFACE
  8
Default_Layer
 10
4.443840
 20
2.283805
 30
-0.901565
 11
4.443839
 21
2.283804
 31
2.660655
 12
4.975602
 22
2.283804
 32
1.778579
 13
4.975602
 23
2.283804
 33
1.778579
  0
3DFACE
  8
Default_Layer
 10
4.975602
 20
2.283804
 30
1.778579
 11
4.975602
 21
2.283804
 31
-0.358096
 12
4.443840
 22
2.283805
 32
-0.901565
 13
4.443840
 23
2.283805
 33
-0.901565
  0
3DFACE
  8
Default_Layer
 10
4.443839
 20
2.283804
 30
2.660655
 11
7.462040
 21
2.283804
 31
2.660655
 12
6.930278
 22
2.283804
 32
1.778579
 13
6.930278
 23
2.283804
 33
1.778579
  0
3DFACE
  8
Default_Layer
 10
6.930278
 20
2.283804
 30
1.778579
 11
4.975602
 21
2.283804
 31
1.778579
 12
4.443839
 22
2.283804
 32
2.660655
 13
4.443839
 23
2.283804
 33
2.660655
  0
3DFACE
  8
Default_Layer
 10
7.462040
 20
2.283804
 30
2.660655
 11
7.462041
 21
2.283804
 31
-0.901565
 12
6.930278
 22
2.283804
 32
-0.358096
 13
6.930278
 23
2.283804
 33
-0.358096
  0
3DFACE
  8
Default_Layer
 10
6.930278
 20
2.283804
 30
-0.358096
 11
6.930278
 21
2.283804
 31
1.778579
 12
7.462040
 22
2.283804
 32
2.660655
 13
7.462040
 23
2.283804
 33
2.660655
  0
3DFACE
  8
Default_Layer
 10
6.930278
 20
2.283804
 30
-0.358096
 11
4.975602
 21
2.283804
 31
-0.358096
 12
4.975603
 22
1.251476
 32
-0.109918
 13
4.975603
 23
1.251476
 33
-0.109918
  0
3DFACE
  8
Default_Layer
 10
4.975603
 20
1.251476
 30
-0.109918
 11
6.930279
 21
1.251476
 31
-0.109918
 12
6.930278
 22
2.283804
 32
-0.358096
 13
6.930278
 23
2.283804
 33
-0.358096
  0
3DFACE
  8
Default_Layer
 10
4.975602
 20
2.283804
 30
-0.358096
 11
4.975602
 21
2.283804
 31
1.778579
 12
4.975602
 22
1.251475
 32
1.530402
 13
4.975602
 23
1.251475
 33
1.530402
  0
3DFACE
  8
Default_Layer
 10
4.975602
 20
1.251475
 30
1.530402
 11
4.975603
 21
1.251476
 31
-0.109918
 12
4.975602
 22
2.283804
 32
-0.358096
 13
4.975602
 23
2.283804
 33
-0.358096
  0
3DFACE
  8
Default_Layer
 10
4.975602
 20
2.283804
 30
1.778579
 11
6.930278
 21
2.283804
 31
1.778579
 12
6.930278
 22
1.251475
 32
1.530402
 13
6.930278
 23
1.251475
 33
1.530402
  0
3DFACE
  8
Default_Layer
 10
6.930278
 20
1.251475
 30
1.530402
 11
4.975602
 21
1.251475
 31
1.530402
 12
4.975602
 22
2.283804
 32
1.778579
 13
4.975602
 23
2.283804
 33
1.778579
  0
3DFACE
  8
Default_Layer
 10
6.930278
 20
2.283804
 30
1.778579
 11
6.930278
 21
2.283804
 31
-0.358096
 12
6.930279
 22
1.251476
 32
-0.109918
 13
6.930279
 23
1.251476
 33
-0.109918
  0
3DFACE
  8
Default_Layer
 10
6.930279
 20
1.251476
 30
-0.109918
 11
6.930278
 21
1.251475
 31
1.530402
 12
6.930278
 22
2.283804
 32
1.778579
 13
6.930278
 23
2.283804
 33
1.778579
  0
3DFACE
  8
Default_Layer
 10
4.443840
 20
-0.019279
 30
-0.901565
 11
4.443840
 21
2.283805
 31
-0.901565
 12
4.443840
 22
1.850798
 32
-2.520832
 13
4.443840
 23
1.850798
 33
-2.520832
  0
3DFACE
  8
Default_Layer
 10
4.443840
 20
1.850798
 30
-2.520832
 11
4.443840
 21
-0.019279
 31
-2.520832
 12
4.443840
 22
-0.019279
 32
-0.901565
 13
4.443840
 23
-0.019279
 33
-0.901565
  0
3DFACE
  8
Default_Layer
 10
4.443840
 20
2.283805
 30
-0.901565
 11
7.462041
 21
2.283804
 31
-0.901565
 12
7.462041
 22
1.850798
 32
-2.520831
 13
7.462041
 23
1.850798
 33
-2.520831
  0
3DFACE
  8
Default_Layer
 10
7.462041
 20
1.850798
 30
-2.520831
 11
4.443840
 21
1.850798
 31
-2.520832
 12
4.443840
 22
2.283805
 32
-0.901565
 13
4.443840
 23
2.283805
 33
-0.901565
  0
3DFACE
  8
Default_Layer
 10
7.462041
 20
2.283804
 30
-0.901565
 11
7.462041
 21
-0.019279
 31
-0.901565
 12
7.462041
 22
-0.019279
 32
-2.520831
 13
7.462041
 23
-0.019279
 33
-2.520831
  0
3DFACE
  8
Default_Layer
 10
7.462041
 20
-0.019279
 30
-2.520831
 11
7.462041
 21
1.850798
 31
-2.520831
 12
7.462041
 22
2.283804
 32
-0.901565
 13
7.462041
 23
2.283804
 33
-0.901565
  0
3DFACE
  8
Default_Layer
 10
7.462041
 20
-0.019279
 30
-0.901565
 11
4.443840
 21
-0.019279
 31
-0.901565
 12
4.443840
 22
-0.019279
 32
-2.520832
 13
4.443840
 23
-0.019279
 33
-2.520832
  0
3DFACE
  8
Default_Layer
 10
4.443840
 20
-0.019279
 30
-2.520832
 11
7.462041
 21
-0.019279
 31
-2.520831
 12
7.462041
 22
-0.019279
 32
-0.901565
 13
7.462041
 23
-0.019279
 33
-0.901565
  0
3DFACE
  8
Default_Layer
 10
4.443840
 20
-0.019279
 30
-2.520832
 11
4.443840
 21
1.850798
 31
-2.520832
 12
5.048927
 22
0.648657
 32
-3.665477
 13
5.048927
 23
0.648657
 33
-3.665477
  0
3DFACE
  8
Default_Layer
 10
5.048927
 20
0.648657
 30
-3.665477
 11
5.048927
 21
-0.019279
 31
-3.665476
 12
4.443840
 22
-0.019279
 32
-2.520832
 13
4.443840
 23
-0.019279
 33
-2.520832
  0
3DFACE
  8
Default_Layer
 10
4.443840
 20
1.850798
 30
-2.520832
 11
7.462041
 21
1.850798
 31
-2.520831
 12
6.856956
 22
0.648657
 32
-3.665475
 13
6.856956
 23
0.648657
 33
-3.665475
  0
3DFACE
  8
Default_Layer
 10
6.856956
 20
0.648657
 30
-3.665475
 11
5.048927
 21
0.648657
 31
-3.665477
 12
4.443840
 22
1.850798
 32
-2.520832
 13
4.443840
 23
1.850798
 33
-2.520832
  0
3DFACE
  8
Default_Layer
 10
7.462041
 20
1.850798
 30
-2.520831
 11
7.462041
 21
-0.019279
 31
-2.520831
 12
6.856956
 22
-0.019279
 32
-3.665476
 13
6.856956
 23
-0.019279
 33
-3.665476
  0
3DFACE
  8
Default_Layer
 10
6.856956
 20
-0.019279
 30
-3.665476
 11
6.856956
 21
0.648657
 31
-3.665475
 12
7.462041
 22
1.850798
 32
-2.520831
 13
7.462041
 23
1.850798
 33
-2.520831
  0
3DFACE
  8
Default_Layer
 10
7.462041
 20
-0.019279
 30
-2.520831
 11
4.443840
 21
-0.019279
 31
-2.520832
 12
5.048927
 22
-0.019279
 32
-3.665476
 13
5.048927
 23
-0.019279
 33
-3.665476
  0
3DFACE
  8
Default_Layer
 10
5.048927
 20
-0.019279
 30
-3.665476
 11
6.856956
 21
-0.019279
 31
-3.665476
 12
7.462041
 22
-0.019279
 32
-2.520831
 13
7.462041
 23
-0.019279
 33
-2.520831
  0
3DFACE
  8
Default_Layer
 10
7.462041
 20
-0.019279
 30
-0.901565
 11
7.462041
 21
2.283804
 31
-0.901565
 12
7.886360
 22
1.001007
 32
-0.402567
 13
7.886360
 23
1.001007
 33
-0.402567
  0
3DFACE
  8
Default_Layer
 10
7.886360
 20
1.001007
 30
-0.402567
 11
7.886360
 21
-0.019279
 31
-0.402568
 12
7.462041
 22
-0.019279
 32
-0.901565
 13
7.462041
 23
-0.019279
 33
-0.901565
  0
3DFACE
  8
Default_Layer
 10
7.462041
 20
2.283804
 30
-0.901565
 11
7.462040
 21
2.283804
 31
2.660655
 12
7.886360
 22
1.001007
 32
2.660635
 13
7.886360
 23
1.001007
 33
2.660635
  0
3DFACE
  8
Default_Layer
 10
7.886360
 20
1.001007
 30
2.660635
 11
7.886360
 21
1.001007
 31
-0.402567
 12
7.462041
 22
2.283804
 32
-0.901565
 13
7.462041
 23
2.283804
 33
-0.901565
  0
3DFACE
  8
Default_Layer
 10
6.929778
 20
0.754557
 30
6.421605
 11
6.929778
 21
-0.006126
 31
6.421605
 12
7.949419
 22
-0.006126
 32
6.421587
 13
7.949419
 23
-0.006126
 33
6.421587
  0
3DFACE
  8
Default_Layer
 10
7.949419
 20
-0.006126
 30
6.421587
 11
7.949418
 21
0.760032
 31
6.421585
 12
6.929778
 22
0.754557
 32
6.421605
 13
6.929778
 23
0.754557
 33
6.421605
  0
3DFACE
  8
Default_Layer
 10
7.462040
 20
-0.019280
 30
2.660655
 11
7.462041
 21
-0.019279
 31
-0.901565
 12
7.886360
 22
-0.019279
 32
-0.402568
 13
7.886360
 23
-0.019279
 33
-0.402568
  0
3DFACE
  8
Default_Layer
 10
7.886360
 20
-0.019279
 30
-0.402568
 11
7.886360
 21
-0.019280
 31
2.660635
 12
7.462040
 22
-0.019280
 32
2.660655
 13
7.462040
 23
-0.019280
 33
2.660655
  0
3DFACE
  8
Default_Layer
 10
4.443840
 20
2.283805
 30
-0.901565
 11
4.443840
 21
-0.019279
 31
-0.901565
 12
4.019521
 22
-0.019279
 32
-0.402568
 13
4.019521
 23
-0.019279
 33
-0.402568
  0
3DFACE
  8
Default_Layer
 10
4.019521
 20
-0.019279
 30
-0.402568
 11
4.019521
 21
1.001007
 31
-0.402568
 12
4.443840
 22
2.283805
 32
-0.901565
 13
4.443840
 23
2.283805
 33
-0.901565
  0
3DFACE
  8
Default_Layer
 10
4.443840
 20
-0.019279
 30
-0.901565
 11
4.443839
 21
-0.019280
 31
2.660655
 12
4.019520
 22
-0.019280
 32
2.660635
 13
4.019520
 23
-0.019280
 33
2.660635
  0
3DFACE
  8
Default_Layer
 10
4.019520
 20
-0.019280
 30
2.660635
 11
4.019521
 21
-0.019279
 31
-0.402568
 12
4.443840
 22
-0.019279
 32
-0.901565
 13
4.443840
 23
-0.019279
 33
-0.901565
  0
3DFACE
  8
Default_Layer
 10
4.976102
 20
-0.006126
 30
6.421607
 11
4.976102
 21
0.754557
 31
6.421607
 12
3.956463
 22
0.760032
 32
6.421587
 13
3.956463
 23
0.760032
 33
6.421587
  0
3DFACE
  8
Default_Layer
 10
3.956463
 20
0.760032
 30
6.421587
 11
3.956463
 21
-0.006126
 31
6.421587
 12
4.976102
 22
-0.006126
 32
6.421607
 13
4.976102
 23
-0.006126
 33
6.421607
  0
3DFACE
  8
Default_Layer
 10
4.443839
 20
2.283804
 30
2.660655
 11
4.443840
 21
2.283805
 31
-0.901565
 12
4.019521
 22
1.001007
 32
-0.402568
 13
4.019521
 23
1.001007
 33
-0.402568
  0
3DFACE
  8
Default_Layer
 10
4.019521
 20
1.001007
 30
-0.402568
 11
4.019520
 21
1.001007
 31
2.660635
 12
4.443839
 22
2.283804
 32
2.660655
 13
4.443839
 23
2.283804
 33
2.660655
  0
3DFACE
  8
Default_Layer
 10
5.562525
 20
-0.006126
 30
3.767123
 11
6.343355
 21
-0.006126
 31
3.767123
 12
6.343355
 22
1.967780
 32
3.767123
 13
6.343355
 23
1.967780
 33
3.767123
  0
3DFACE
  8
Default_Layer
 10
6.343355
 20
1.967780
 30
3.767123
 11
5.562525
 21
1.967780
 31
3.767123
 12
5.562525
 22
-0.006126
 32
3.767123
 13
5.562525
 23
-0.006126
 33
3.767123
  0
3DFACE
  8
Default_Layer
 10
4.443839
 20
-0.019280
 30
2.660655
 11
7.462040
 21
-0.019280
 31
2.660655
 12
6.343355
 22
-0.006126
 32
3.767123
 13
6.343355
 23
-0.006126
 33
3.767123
  0
3DFACE
  8
Default_Layer
 10
6.343355
 20
-0.006126
 30
3.767123
 11
5.562525
 21
-0.006126
 31
3.767123
 12
4.443839
 22
-0.019280
 32
2.660655
 13
4.443839
 23
-0.019280
 33
2.660655
  0
3DFACE
  8
Default_Layer
 10
7.462040
 20
-0.019280
 30
2.660655
 11
7.886360
 21
-0.019280
 31
2.660635
 12
7.701173
 22
-0.006126
 32
3.767104
 13
7.701173
 23
-0.006126
 33
3.767104
  0
3DFACE
  8
Default_Layer
 10
7.701173
 20
-0.006126
 30
3.767104
 11
6.343355
 21
-0.006126
 31
3.767123
 12
7.462040
 22
-0.019280
 32
2.660655
 13
7.462040
 23
-0.019280
 33
2.660655
  0
3DFACE
  8
Default_Layer
 10
7.886360
 20
-0.019280
 30
2.660635
 11
7.886360
 21
1.001007
 31
2.660635
 12
7.701173
 22
1.004496
 32
3.767103
 13
7.701173
 23
1.004496
 33
3.767103
  0
3DFACE
  8
Default_Layer
 10
7.701173
 20
1.004496
 30
3.767103
 11
7.701173
 21
-0.006126
 31
3.767104
 12
7.886360
 22
-0.019280
 32
2.660635
 13
7.886360
 23
-0.019280
 33
2.660635
  0
3DFACE
  8
Default_Layer
 10
7.886360
 20
1.001007
 30
2.660635
 11
7.462040
 21
2.283804
 31
2.660655
 12
7.701173
 22
1.004496
 32
3.767103
 13
7.701173
 23
1.004496
 33
3.767103
  0
3DFACE
  8
Default_Layer
 10
7.462040
 20
2.283804
 30
2.660655
 11
4.443839
 21
2.283804
 31
2.660655
 12
5.562525
 22
1.967780
 32
3.767123
 13
5.562525
 23
1.967780
 33
3.767123
  0
3DFACE
  8
Default_Layer
 10
5.562525
 20
1.967780
 30
3.767123
 11
6.343355
 21
1.967780
 31
3.767123
 12
7.462040
 22
2.283804
 32
2.660655
 13
7.462040
 23
2.283804
 33
2.660655
  0
3DFACE
  8
Default_Layer
 10
4.443839
 20
2.283804
 30
2.660655
 11
4.204707
 21
1.004496
 31
3.767104
 12
5.562525
 22
1.967780
 32
3.767123
 13
5.562525
 23
1.967780
 33
3.767123
  0
3DFACE
  8
Default_Layer
 10
4.019520
 20
1.001007
 30
2.660635
 11
4.019520
 21
-0.019280
 31
2.660635
 12
4.204707
 22
-0.006126
 32
3.767105
 13
4.204707
 23
-0.006126
 33
3.767105
  0
3DFACE
  8
Default_Layer
 10
4.204707
 20
-0.006126
 30
3.767105
 11
4.204707
 21
1.004496
 31
3.767104
 12
4.019520
 22
1.001007
 32
2.660635
 13
4.019520
 23
1.001007
 33
2.660635
  0
3DFACE
  8
Default_Layer
 10
4.019520
 20
-0.019280
 30
2.660635
 11
4.443839
 21
-0.019280
 31
2.660655
 12
5.562525
 22
-0.006126
 32
3.767123
 13
5.562525
 23
-0.006126
 33
3.767123
  0
3DFACE
  8
Default_Layer
 10
5.562525
 20
-0.006126
 30
3.767123
 11
4.204707
 21
-0.006126
 31
3.767105
 12
4.019520
 22
-0.019280
 32
2.660635
 13
4.019520
 23
-0.019280
 33
2.660635
  0
3DFACE
  8
Default_Layer
 10
6.343355
 20
1.967780
 30
3.767123
 11
6.343355
 21
-0.006126
 31
3.767123
 12
6.929778
 22
-0.006126
 32
6.421605
 13
6.929778
 23
-0.006126
 33
6.421605
  0
3DFACE
  8
Default_Layer
 10
6.929778
 20
-0.006126
 30
6.421605
 11
6.929778
 21
0.754557
 31
6.421605
 12
6.343355
 22
1.967780
 32
3.767123
 13
6.343355
 23
1.967780
 33
3.767123
  0
3DFACE
  8
Default_Layer
 10
6.343355
 20
-0.006126
 30
3.767123
 11
7.701173
 21
-0.006126
 31
3.767104
 12
7.949419
 22
-0.006126
 32
6.421587
 13
7.949419
 23
-0.006126
 33
6.421587
  0
3DFACE
  8
Default_Layer
 10
7.949419
 20
-0.006126
 30
6.421587
 11
6.929778
 21
-0.006126
 31
6.421605
 12
6.343355
 22
-0.006126
 32
3.767123
 13
6.343355
 23
-0.006126
 33
3.767123
  0
3DFACE
  8
Default_Layer
 10
7.701173
 20
-0.006126
 30
3.767104
 11
7.701173
 21
1.004496
 31
3.767103
 12
7.949418
 22
0.760032
 32
6.421585
 13
7.949418
 23
0.760032
 33
6.421585
  0
3DFACE
  8
Default_Layer
 10
7.949418
 20
0.760032
 30
6.421585
 11
7.949419
 21
-0.006126
 31
6.421587
 12
7.701173
 22
-0.006126
 32
3.767104
 13
7.701173
 23
-0.006126
 33
3.767104
  0
3DFACE
  8
Default_Layer
 10
7.701173
 20
1.004496
 30
3.767103
 11
6.343355
 21
1.967780
 31
3.767123
 12
6.929778
 22
0.754557
 32
6.421605
 13
6.929778
 23
0.754557
 33
6.421605
  0
3DFACE
  8
Default_Layer
 10
5.562525
 20
-0.006126
 30
3.767123
 11
5.562525
 21
1.967780
 31
3.767123
 12
4.976102
 22
0.754557
 32
6.421607
 13
4.976102
 23
0.754557
 33
6.421607
  0
3DFACE
  8
Default_Layer
 10
4.976102
 20
0.754557
 30
6.421607
 11
4.976102
 21
-0.006126
 31
6.421607
 12
5.562525
 22
-0.006126
 32
3.767123
 13
5.562525
 23
-0.006126
 33
3.767123
  0
3DFACE
  8
Default_Layer
 10
5.562525
 20
1.967780
 30
3.767123
 11
4.204707
 21
1.004496
 31
3.767104
 12
4.976102
 22
0.754557
 32
6.421607
 13
4.976102
 23
0.754557
 33
6.421607
  0
3DFACE
  8
Default_Layer
 10
4.204707
 20
1.004496
 30
3.767104
 11
4.204707
 21
-0.006126
 31
3.767105
 12
3.956463
 22
-0.006126
 32
6.421587
 13
3.956463
 23
-0.006126
 33
6.421587
  0
3DFACE
  8
Default_Layer
 10
3.956463
 20
-0.006126
 30
6.421587
 11
3.956463
 21
0.760032
 31
6.421587
 12
4.204707
 22
1.004496
 32
3.767104
 13
4.204707
 23
1.004496
 33
3.767104
  0
3DFACE
  8
Default_Layer
 10
4.204707
 20
-0.006126
 30
3.767105
 11
5.562525
 21
-0.006126
 31
3.767123
 12
4.976102
 22
-0.006126
 32
6.421607
 13
4.976102
 23
-0.006126
 33
6.421607
  0
3DFACE
  8
Default_Layer
 10
4.976102
 20
-0.006126
 30
6.421607
 11
3.956463
 21
-0.006126
 31
6.421587
 12
4.204707
 22
-0.006126
 32
3.767105
 13
4.204707
 23
-0.006126
 33
3.767105
  0
3DFACE
  8
Default_Layer
 10
4.204707
 20
1.004496
 30
3.767104
 11
3.956463
 21
0.760032
 31
6.421587
 12
4.976102
 22
0.754557
 32
6.421607
 13
4.976102
 23
0.754557
 33
6.421607
  0
3DFACE
  8
Default_Layer
 10
6.929778
 20
0.754557
 30
6.421605
 11
7.949418
 21
0.760032
 31
6.421585
 12
7.701173
 22
1.004496
 32
3.767103
 13
7.701173
 23
1.004496
 33
3.767103
  0
3DFACE
  8
Default_Layer
 10
7.462040
 20
2.283804
 30
2.660655
 11
6.343355
 21
1.967780
 31
3.767123
 12
7.701173
 22
1.004496
 32
3.767103
 13
7.701173
 23
1.004496
 33
3.767103
  0
3DFACE
  8
Default_Layer
 10
4.443839
 20
2.283804
 30
2.660655
 11
4.019520
 21
1.001007
 31
2.660635
 12
4.204707
 22
1.004496
 32
3.767104
 13
4.204707
 23
1.004496
 33
3.767104
  0
3DFACE
  8
Default_Layer
 10
13.820739
 20
31.630630
 30
-0.570385
 11
13.820739
 21
31.630630
 31
-2.259989
 12
13.077936
 22
32.691463
 32
-1.887927
 13
13.077936
 23
32.691463
 33
-1.887927
  0
3DFACE
  8
Default_Layer
 10
13.077936
 20
32.691463
 30
-1.887927
 11
13.077936
 21
32.691463
 31
-0.942446
 12
13.820739
 22
31.630630
 32
-0.570385
 13
13.820739
 23
31.630630
 33
-0.570385
  0
3DFACE
  8
Default_Layer
 10
11.783674
 20
30.204264
 30
-0.570385
 11
11.040872
 21
31.265097
 31
-0.942447
 12
11.040872
 22
31.265097
 32
-1.887927
 13
11.040872
 23
31.265097
 33
-1.887927
  0
3DFACE
  8
Default_Layer
 10
11.040872
 20
31.265097
 30
-1.887927
 11
11.783674
 21
30.204264
 31
-2.259989
 12
11.783674
 22
30.204264
 32
-0.570385
 13
11.783674
 23
30.204264
 33
-0.570385
  0
3DFACE
  8
Default_Layer
 10
13.404718
 20
31.339331
 30
-2.650339
 11
12.481430
 21
32.657925
 31
-2.182045
 12
12.645580
 22
32.772861
 32
-2.182045
 13
12.645580
 23
32.772861
 33
-2.182045
  0
3DFACE
  8
Default_Layer
 10
12.645580
 20
32.772861
 30
-2.182045
 11
13.568869
 21
31.454271
 31
-2.650339
 12
13.404718
 22
31.339331
 32
-2.650339
 13
13.404718
 23
31.339331
 33
-2.650339
  0
3DFACE
  8
Default_Layer
 10
12.481430
 20
32.657925
 30
-2.182045
 11
12.481429
 21
32.657925
 31
-0.648326
 12
12.645580
 22
32.772861
 32
-0.648326
 13
12.645580
 23
32.772861
 33
-0.648326
  0
3DFACE
  8
Default_Layer
 10
12.645580
 20
32.772861
 30
-0.648326
 11
12.645580
 21
32.772861
 31
-2.182045
 12
12.481430
 22
32.657925
 32
-2.182045
 13
12.481430
 23
32.657925
 33
-2.182045
  0
3DFACE
  8
Default_Layer
 10
12.481429
 20
32.657925
 30
-0.648326
 11
13.404718
 21
31.339331
 31
-0.180032
 12
13.568869
 22
31.454269
 32
-0.180032
 13
13.568869
 23
31.454269
 33
-0.180032
  0
3DFACE
  8
Default_Layer
 10
13.568869
 20
31.454269
 30
-0.180032
 11
12.645580
 21
32.772861
 31
-0.648326
 12
12.481429
 22
32.657925
 32
-0.648326
 13
12.481429
 23
32.657925
 33
-0.648326
  0
3DFACE
  8
Default_Layer
 10
12.199695
 20
30.495564
 30
-0.180032
 11
11.276405
 21
31.814157
 31
-0.648326
 12
11.112255
 22
31.699217
 32
-0.648326
 13
11.112255
 23
31.699217
 33
-0.648326
  0
3DFACE
  8
Default_Layer
 10
11.112255
 20
31.699217
 30
-0.648326
 11
12.035543
 21
30.380625
 31
-0.180033
 12
12.199695
 22
30.495564
 32
-0.180032
 13
12.199695
 23
30.495564
 33
-0.180032
  0
3DFACE
  8
Default_Layer
 10
11.276405
 20
31.814157
 30
-0.648326
 11
11.276406
 21
31.814157
 31
-2.182045
 12
11.112255
 22
31.699219
 32
-2.182045
 13
11.112255
 23
31.699219
 33
-2.182045
  0
3DFACE
  8
Default_Layer
 10
11.112255
 20
31.699219
 30
-2.182045
 11
11.112255
 21
31.699217
 31
-0.648326
 12
11.276405
 22
31.814157
 32
-0.648326
 13
11.276405
 23
31.814157
 33
-0.648326
  0
3DFACE
  8
Default_Layer
 10
11.276406
 20
31.814157
 30
-2.182045
 11
12.199695
 21
30.495565
 31
-2.650338
 12
12.035544
 22
30.380625
 32
-2.650339
 13
12.035544
 23
30.380625
 33
-2.650339
  0
3DFACE
  8
Default_Layer
 10
12.035544
 20
30.380625
 30
-2.650339
 11
11.112255
 21
31.699219
 31
-2.182045
 12
11.276406
 22
31.814157
 32
-2.182045
 13
11.276406
 23
31.814157
 33
-2.182045
  0
3DFACE
  8
Default_Layer
 10
13.568869
 20
31.454271
 30
-2.650339
 11
12.645580
 21
32.772861
 31
-2.182045
 12
13.077936
 22
32.691463
 32
-1.887927
 13
13.077936
 23
32.691463
 33
-1.887927
  0
3DFACE
  8
Default_Layer
 10
13.077936
 20
32.691463
 30
-1.887927
 11
13.820739
 21
31.630630
 31
-2.259989
 12
13.568869
 22
31.454271
 32
-2.650339
 13
13.568869
 23
31.454271
 33
-2.650339
  0
3DFACE
  8
Default_Layer
 10
12.645580
 20
32.772861
 30
-2.182045
 11
12.645580
 21
32.772861
 31
-0.648326
 12
13.077936
 22
32.691463
 32
-0.942446
 13
13.077936
 23
32.691463
 33
-0.942446
  0
3DFACE
  8
Default_Layer
 10
13.077936
 20
32.691463
 30
-0.942446
 11
13.077936
 21
32.691463
 31
-1.887927
 12
12.645580
 22
32.772861
 32
-2.182045
 13
12.645580
 23
32.772861
 33
-2.182045
  0
3DFACE
  8
Default_Layer
 10
12.645580
 20
32.772861
 30
-0.648326
 11
13.568869
 21
31.454269
 31
-0.180032
 12
13.820739
 22
31.630630
 32
-0.570385
 13
13.820739
 23
31.630630
 33
-0.570385
  0
3DFACE
  8
Default_Layer
 10
13.820739
 20
31.630630
 30
-0.570385
 11
13.077936
 21
32.691463
 31
-0.942446
 12
12.645580
 22
32.772861
 32
-0.648326
 13
12.645580
 23
32.772861
 33
-0.648326
  0
3DFACE
  8
Default_Layer
 10
12.035543
 20
30.380625
 30
-0.180033
 11
11.112255
 21
31.699217
 31
-0.648326
 12
11.040872
 22
31.265097
 32
-0.942447
 13
11.040872
 23
31.265097
 33
-0.942447
  0
3DFACE
  8
Default_Layer
 10
11.040872
 20
31.265097
 30
-0.942447
 11
11.783674
 21
30.204264
 31
-0.570385
 12
12.035543
 22
30.380625
 32
-0.180033
 13
12.035543
 23
30.380625
 33
-0.180033
  0
3DFACE
  8
Default_Layer
 10
11.112255
 20
31.699217
 30
-0.648326
 11
11.112255
 21
31.699219
 31
-2.182045
 12
11.040872
 22
31.265097
 32
-1.887927
 13
11.040872
 23
31.265097
 33
-1.887927
  0
3DFACE
  8
Default_Layer
 10
11.040872
 20
31.265097
 30
-1.887927
 11
11.040872
 21
31.265097
 31
-0.942447
 12
11.112255
 22
31.699217
 32
-0.648326
 13
11.112255
 23
31.699217
 33
-0.648326
  0
3DFACE
  8
Default_Layer
 10
11.112255
 20
31.699219
 30
-2.182045
 11
12.035544
 21
30.380625
 31
-2.650339
 12
11.783674
 22
30.204264
 32
-2.259989
 13
11.783674
 23
30.204264
 33
-2.259989
  0
3DFACE
  8
Default_Layer
 10
11.783674
 20
30.204264
 30
-2.259989
 11
11.040872
 21
31.265097
 31
-1.887927
 12
11.112255
 22
31.699219
 32
-2.182045
 13
11.112255
 23
31.699219
 33
-2.182045
  0
3DFACE
  8
Default_Layer
 10
12.199695
 20
30.495564
 30
-0.180032
 11
12.199695
 21
30.495565
 31
-2.650338
 12
11.276406
 22
31.814157
 32
-2.182045
 13
11.276406
 23
31.814157
 33
-2.182045
  0
3DFACE
  8
Default_Layer
 10
11.276406
 20
31.814157
 30
-2.182045
 11
11.276405
 21
31.814157
 31
-0.648326
 12
12.199695
 22
30.495564
 32
-0.180032
 13
12.199695
 23
30.495564
 33
-0.180032
  0
3DFACE
  8
Default_Layer
 10
12.481429
 20
32.657925
 30
-0.648326
 11
12.481430
 21
32.657925
 31
-2.182045
 12
13.404718
 22
31.339331
 32
-2.650339
 13
13.404718
 23
31.339331
 33
-2.650339
  0
3DFACE
  8
Default_Layer
 10
13.404718
 20
31.339331
 30
-2.650339
 11
13.404718
 21
31.339331
 31
-0.180032
 12
12.481429
 22
32.657925
 32
-0.648326
 13
12.481429
 23
32.657925
 33
-0.648326
  0
3DFACE
  8
Default_Layer
 10
14.051577
 20
30.735907
 30
8.240607
 11
13.407053
 21
30.284605
 31
8.240605
 12
13.852089
 22
29.649029
 32
8.240605
 13
13.852089
 23
29.649029
 33
8.240605
  0
3DFACE
  8
Default_Layer
 10
13.852089
 20
29.649029
 30
8.240605
 11
14.496613
 21
30.100328
 31
8.240607
 12
14.051577
 22
30.735907
 32
8.240607
 13
14.051577
 23
30.735907
 33
8.240607
  0
3DFACE
  8
Default_Layer
 10
11.783675
 20
30.204264
 30
-2.650173
 11
13.820739
 21
31.630630
 31
-2.650173
 12
15.258429
 22
29.577396
 32
-2.650173
 13
15.258429
 23
29.577396
 33
-2.650173
  0
3DFACE
  8
Default_Layer
 10
15.258429
 20
29.577396
 30
-2.650173
 11
13.221365
 21
28.151030
 31
-2.650173
 12
11.783675
 22
30.204264
 32
-2.650173
 13
11.783675
 23
30.204264
 33
-2.650173
  0
3DFACE
  8
Default_Layer
 10
12.199695
 20
30.495564
 30
-0.180032
 11
13.404718
 21
31.339331
 31
-0.180032
 12
13.404718
 22
31.339331
 32
-2.650339
 13
13.404718
 23
31.339331
 33
-2.650339
  0
3DFACE
  8
Default_Layer
 10
13.404718
 20
31.339331
 30
-2.650339
 11
12.199695
 21
30.495565
 31
-2.650338
 12
12.199695
 22
30.495564
 32
-0.180032
 13
12.199695
 23
30.495564
 33
-0.180032
  0
3DFACE
  8
Default_Layer
 10
11.783674
 20
30.204264
 30
-0.570385
 11
11.783674
 21
30.204264
 31
-0.180205
 12
12.035543
 22
30.380625
 32
-0.180033
 13
12.035543
 23
30.380625
 33
-0.180033
  0
3DFACE
  8
Default_Layer
 10
13.568869
 20
31.454269
 30
-0.180032
 11
13.820739
 21
31.630630
 31
-0.180205
 12
13.820739
 22
31.630630
 32
-0.570385
 13
13.820739
 23
31.630630
 33
-0.570385
  0
3DFACE
  8
Default_Layer
 10
13.820739
 20
31.630630
 30
-2.259989
 11
13.820739
 21
31.630630
 31
-2.650173
 12
13.568869
 22
31.454271
 32
-2.650339
 13
13.568869
 23
31.454271
 33
-2.650339
  0
3DFACE
  8
Default_Layer
 10
11.783675
 20
30.204264
 30
-2.650173
 11
11.783674
 21
30.204264
 31
-2.259989
 12
12.035544
 22
30.380625
 32
-2.650339
 13
12.035544
 23
30.380625
 33
-2.650339
  0
3DFACE
  8
Default_Layer
 10
13.820739
 20
31.630630
 30
-0.180205
 11
11.783674
 21
30.204264
 31
-0.180205
 12
11.783674
 22
30.204264
 32
6.509903
 13
11.783674
 23
30.204264
 33
6.509903
  0
3DFACE
  8
Default_Layer
 10
11.783674
 20
30.204264
 30
6.509903
 11
13.820738
 21
31.630632
 31
6.509903
 12
13.820739
 22
31.630630
 32
-0.180205
 13
13.820739
 23
31.630630
 33
-0.180205
  0
3DFACE
  8
Default_Layer
 10
12.955139
 20
28.197008
 30
-2.650173
 11
12.955138
 21
28.197008
 31
6.509903
 12
11.735826
 22
29.938368
 32
6.509902
 13
11.735826
 23
29.938368
 33
6.509902
  0
3DFACE
  8
Default_Layer
 10
11.735826
 20
29.938368
 30
6.509902
 11
11.735826
 21
29.938368
 31
-2.650173
 12
12.955139
 22
28.197008
 32
-2.650173
 13
12.955139
 23
28.197008
 33
-2.650173
  0
3DFACE
  8
Default_Layer
 10
15.306277
 20
29.843292
 30
6.509903
 11
15.306277
 21
29.843292
 31
-2.650173
 12
14.086965
 22
31.584652
 32
-2.650173
 13
14.086965
 23
31.584652
 33
-2.650173
  0
3DFACE
  8
Default_Layer
 10
14.086965
 20
31.584652
 30
-2.650173
 11
14.086964
 21
31.584652
 31
6.509903
 12
15.306277
 22
29.843292
 32
6.509903
 13
15.306277
 23
29.843292
 33
6.509903
  0
3DFACE
  8
Default_Layer
 10
13.221364
 20
28.151030
 30
6.509903
 11
13.221365
 21
28.151030
 31
-2.650173
 12
15.258429
 22
29.577396
 32
-2.650173
 13
15.258429
 23
29.577396
 33
-2.650173
  0
3DFACE
  8
Default_Layer
 10
15.258429
 20
29.577396
 30
-2.650173
 11
15.258429
 21
29.577396
 31
6.509903
 12
13.221364
 22
28.151030
 32
6.509903
 13
13.221364
 23
28.151030
 33
6.509903
  0
3DFACE
  8
Default_Layer
 10
11.783675
 20
30.204264
 30
-2.650173
 11
13.221365
 21
28.151030
 31
-2.650173
 12
12.955139
 22
28.197008
 32
-2.650173
 13
12.955139
 23
28.197008
 33
-2.650173
  0
3DFACE
  8
Default_Layer
 10
12.955139
 20
28.197008
 30
-2.650173
 11
11.735826
 21
29.938368
 31
-2.650173
 12
11.783675
 22
30.204264
 32
-2.650173
 13
11.783675
 23
30.204264
 33
-2.650173
  0
3DFACE
  8
Default_Layer
 10
13.221365
 20
28.151030
 30
-2.650173
 11
13.221364
 21
28.151030
 31
6.509903
 12
12.955138
 22
28.197008
 32
6.509903
 13
12.955138
 23
28.197008
 33
6.509903
  0
3DFACE
  8
Default_Layer
 10
12.955138
 20
28.197008
 30
6.509903
 11
12.955139
 21
28.197008
 31
-2.650173
 12
13.221365
 22
28.151030
 32
-2.650173
 13
13.221365
 23
28.151030
 33
-2.650173
  0
3DFACE
  8
Default_Layer
 10
13.221364
 20
28.151030
 30
6.509903
 11
11.783674
 21
30.204264
 31
6.509903
 12
11.735826
 22
29.938368
 32
6.509902
 13
11.735826
 23
29.938368
 33
6.509902
  0
3DFACE
  8
Default_Layer
 10
11.735826
 20
29.938368
 30
6.509902
 11
12.955138
 21
28.197008
 31
6.509903
 12
13.221364
 22
28.151030
 32
6.509903
 13
13.221364
 23
28.151030
 33
6.509903
  0
3DFACE
  8
Default_Layer
 10
11.783674
 20
30.204264
 30
6.509903
 11
11.783675
 21
30.204264
 31
-2.650173
 12
11.735826
 22
29.938368
 32
-2.650173
 13
11.735826
 23
29.938368
 33
-2.650173
  0
3DFACE
  8
Default_Layer
 10
11.735826
 20
29.938368
 30
-2.650173
 11
11.735826
 21
29.938368
 31
6.509902
 12
11.783674
 22
30.204264
 32
6.509903
 13
11.783674
 23
30.204264
 33
6.509903
  0
3DFACE
  8
Default_Layer
 10
15.258429
 20
29.577396
 30
-2.650173
 11
13.820739
 21
31.630630
 31
-2.650173
 12
14.086965
 22
31.584652
 32
-2.650173
 13
14.086965
 23
31.584652
 33
-2.650173
  0
3DFACE
  8
Default_Layer
 10
14.086965
 20
31.584652
 30
-2.650173
 11
15.306277
 21
29.843292
 31
-2.650173
 12
15.258429
 22
29.577396
 32
-2.650173
 13
15.258429
 23
29.577396
 33
-2.650173
  0
3DFACE
  8
Default_Layer
 10
13.820739
 20
31.630630
 30
-2.650173
 11
13.820738
 21
31.630632
 31
6.509903
 12
14.086964
 22
31.584652
 32
6.509903
 13
14.086964
 23
31.584652
 33
6.509903
  0
3DFACE
  8
Default_Layer
 10
14.086964
 20
31.584652
 30
6.509903
 11
14.086965
 21
31.584652
 31
-2.650173
 12
13.820739
 22
31.630630
 32
-2.650173
 13
13.820739
 23
31.630630
 33
-2.650173
  0
3DFACE
  8
Default_Layer
 10
13.820738
 20
31.630632
 30
6.509903
 11
15.258429
 21
29.577396
 31
6.509903
 12
15.306277
 22
29.843292
 32
6.509903
 13
15.306277
 23
29.843292
 33
6.509903
  0
3DFACE
  8
Default_Layer
 10
15.306277
 20
29.843292
 30
6.509903
 11
14.086964
 21
31.584652
 31
6.509903
 12
13.820738
 22
31.630632
 32
6.509903
 13
13.820738
 23
31.630632
 33
6.509903
  0
3DFACE
  8
Default_Layer
 10
15.258429
 20
29.577396
 30
6.509903
 11
15.258429
 21
29.577396
 31
-2.650173
 12
15.306277
 22
29.843292
 32
-2.650173
 13
15.306277
 23
29.843292
 33
-2.650173
  0
3DFACE
  8
Default_Layer
 10
15.306277
 20
29.843292
 30
-2.650173
 11
15.306277
 21
29.843292
 31
6.509903
 12
15.258429
 22
29.577396
 32
6.509903
 13
15.258429
 23
29.577396
 33
6.509903
  0
3DFACE
  8
Default_Layer
 10
13.820738
 20
31.630632
 30
6.509903
 11
11.783674
 21
30.204264
 31
6.509903
 12
13.143896
 22
30.660435
 32
6.509902
 13
13.143896
 23
30.660435
 33
6.509902
  0
3DFACE
  8
Default_Layer
 10
13.143896
 20
30.660435
 30
6.509902
 11
13.788420
 21
31.111734
 31
6.509903
 12
13.820738
 22
31.630632
 32
6.509903
 13
13.820738
 23
31.630632
 33
6.509903
  0
3DFACE
  8
Default_Layer
 10
11.783674
 20
30.204264
 30
6.509903
 11
13.221364
 21
28.151030
 31
6.509903
 12
14.115248
 22
29.273201
 32
6.509903
 13
14.115248
 23
29.273201
 33
6.509903
  0
3DFACE
  8
Default_Layer
 10
14.115248
 20
29.273201
 30
6.509903
 11
13.143896
 21
30.660435
 31
6.509902
 12
11.783674
 22
30.204264
 32
6.509903
 13
11.783674
 23
30.204264
 33
6.509903
  0
3DFACE
  8
Default_Layer
 10
13.221364
 20
28.151030
 30
6.509903
 11
15.258429
 21
29.577396
 31
6.509903
 12
14.759771
 22
29.724501
 32
6.509903
 13
14.759771
 23
29.724501
 33
6.509903
  0
3DFACE
  8
Default_Layer
 10
14.759771
 20
29.724501
 30
6.509903
 11
14.115248
 21
29.273201
 31
6.509903
 12
13.221364
 22
28.151030
 32
6.509903
 13
13.221364
 23
28.151030
 33
6.509903
  0
3DFACE
  8
Default_Layer
 10
15.258429
 20
29.577396
 30
6.509903
 11
13.820738
 21
31.630632
 31
6.509903
 12
13.788420
 22
31.111734
 32
6.509903
 13
13.788420
 23
31.111734
 33
6.509903
  0
3DFACE
  8
Default_Layer
 10
13.788420
 20
31.111734
 30
6.509903
 11
14.759771
 21
29.724501
 31
6.509903
 12
15.258429
 22
29.577396
 32
6.509903
 13
15.258429
 23
29.577396
 33
6.509903
  0
3DFACE
  8
Default_Layer
 10
13.788420
 20
31.111734
 30
6.509903
 11
13.143896
 21
30.660435
 31
6.509902
 12
13.407053
 22
30.284605
 32
8.240605
 13
13.407053
 23
30.284605
 33
8.240605
  0
3DFACE
  8
Default_Layer
 10
13.407053
 20
30.284605
 30
8.240605
 11
14.051577
 21
30.735907
 31
8.240607
 12
13.788420
 22
31.111734
 32
6.509903
 13
13.788420
 23
31.111734
 33
6.509903
  0
3DFACE
  8
Default_Layer
 10
13.143896
 20
30.660435
 30
6.509902
 11
14.115248
 21
29.273201
 31
6.509903
 12
13.852089
 22
29.649029
 32
8.240605
 13
13.852089
 23
29.649029
 33
8.240605
  0
3DFACE
  8
Default_Layer
 10
13.852089
 20
29.649029
 30
8.240605
 11
13.407053
 21
30.284605
 31
8.240605
 12
13.143896
 22
30.660435
 32
6.509902
 13
13.143896
 23
30.660435
 33
6.509902
  0
3DFACE
  8
Default_Layer
 10
14.115248
 20
29.273201
 30
6.509903
 11
14.759771
 21
29.724501
 31
6.509903
 12
14.496613
 22
30.100328
 32
8.240607
 13
14.496613
 23
30.100328
 33
8.240607
  0
3DFACE
  8
Default_Layer
 10
14.496613
 20
30.100328
 30
8.240607
 11
13.852089
 21
29.649029
 31
8.240605
 12
14.115248
 22
29.273201
 32
6.509903
 13
14.115248
 23
29.273201
 33
6.509903
  0
3DFACE
  8
Default_Layer
 10
14.759771
 20
29.724501
 30
6.509903
 11
13.788420
 21
31.111734
 31
6.509903
 12
14.051577
 22
30.735907
 32
8.240607
 13
14.051577
 23
30.735907
 33
8.240607
  0
3DFACE
  8
Default_Layer
 10
14.051577
 20
30.735907
 30
8.240607
 11
14.496613
 21
30.100328
 31
8.240607
 12
14.759771
 22
29.724501
 32
6.509903
 13
14.759771
 23
29.724501
 33
6.509903
  0
3DFACE
  8
Default_Layer
 10
12.691005
 20
28.974762
 30
6.661376
 11
12.361100
 21
29.445915
 31
6.661376
 12
13.394014
 22
30.169168
 32
6.661376
 13
13.394014
 23
30.169168
 33
6.661376
  0
3DFACE
  8
Default_Layer
 10
13.394014
 20
30.169168
 30
6.661376
 11
13.723919
 21
29.698017
 31
6.661376
 12
12.691005
 22
28.974762
 32
6.661376
 13
12.691005
 23
28.974762
 33
6.661376
  0
3DFACE
  8
Default_Layer
 10
12.691005
 20
28.974762
 30
7.295990
 11
13.723918
 21
29.698017
 31
7.295990
 12
13.394014
 22
30.169168
 32
7.295990
 13
13.394014
 23
30.169168
 33
7.295990
  0
3DFACE
  8
Default_Layer
 10
13.394014
 20
30.169168
 30
7.295990
 11
12.361100
 21
29.445915
 31
7.295990
 12
12.691005
 22
28.974762
 32
7.295990
 13
12.691005
 23
28.974762
 33
7.295990
  0
3DFACE
  8
Default_Layer
 10
12.691005
 20
28.974762
 30
6.661376
 11
13.723919
 21
29.698017
 31
6.661376
 12
13.723918
 22
29.698017
 32
7.295990
 13
13.723918
 23
29.698017
 33
7.295990
  0
3DFACE
  8
Default_Layer
 10
13.723918
 20
29.698017
 30
7.295990
 11
12.691005
 21
28.974762
 31
7.295990
 12
12.691005
 22
28.974762
 32
6.661376
 13
12.691005
 23
28.974762
 33
6.661376
  0
3DFACE
  8
Default_Layer
 10
13.723919
 20
29.698017
 30
6.661376
 11
13.394014
 21
30.169168
 31
6.661376
 12
13.394014
 22
30.169168
 32
7.295990
 13
13.394014
 23
30.169168
 33
7.295990
  0
3DFACE
  8
Default_Layer
 10
13.394014
 20
30.169168
 30
7.295990
 11
13.723918
 21
29.698017
 31
7.295990
 12
13.723919
 22
29.698017
 32
6.661376
 13
13.723919
 23
29.698017
 33
6.661376
  0
3DFACE
  8
Default_Layer
 10
13.394014
 20
30.169168
 30
6.661376
 11
12.361100
 21
29.445915
 31
6.661376
 12
12.361100
 22
29.445915
 32
7.295990
 13
12.361100
 23
29.445915
 33
7.295990
  0
3DFACE
  8
Default_Layer
 10
12.361100
 20
29.445915
 30
7.295990
 11
13.394014
 21
30.169168
 31
7.295990
 12
13.394014
 22
30.169168
 32
6.661376
 13
13.394014
 23
30.169168
 33
6.661376
  0
3DFACE
  8
Default_Layer
 10
12.361100
 20
29.445915
 30
6.661376
 11
12.691005
 21
28.974762
 31
6.661376
 12
12.691005
 22
28.974762
 32
7.295990
 13
12.691005
 23
28.974762
 33
7.295990
  0
3DFACE
  8
Default_Layer
 10
12.691005
 20
28.974762
 30
7.295990
 11
12.361100
 21
29.445915
 31
7.295990
 12
12.361100
 22
29.445915
 32
6.661376
 13
12.361100
 23
29.445915
 33
6.661376
  0
3DFACE
  8
Default_Layer
 10
12.505814
 20
29.036638
 30
8.096490
 11
12.355906
 21
29.250729
 31
8.096490
 12
12.355906
 22
29.250729
 32
6.835536
 13
12.355906
 23
29.250729
 33
6.835536
  0
3DFACE
  8
Default_Layer
 10
12.355906
 20
29.250729
 30
6.835536
 11
12.505814
 21
29.036638
 31
6.835536
 12
12.505814
 22
29.036638
 32
8.096490
 13
12.505814
 23
29.036638
 33
8.096490
  0
3DFACE
  8
Default_Layer
 10
12.866693
 20
29.289330
 30
8.096490
 11
12.866693
 21
29.289330
 31
6.835536
 12
12.716784
 22
29.503420
 32
6.835536
 13
12.716784
 23
29.503420
 33
6.835536
  0
3DFACE
  8
Default_Layer
 10
12.716784
 20
29.503420
 30
6.835536
 11
12.716784
 21
29.503420
 31
8.096490
 12
12.866693
 22
29.289330
 32
8.096490
 13
12.866693
 23
29.289330
 33
8.096490
  0
3DFACE
  8
Default_Layer
 10
12.505814
 20
29.036638
 30
8.096490
 11
12.505814
 21
29.036638
 31
6.835536
 12
12.866693
 22
29.289330
 32
6.835536
 13
12.866693
 23
29.289330
 33
6.835536
  0
3DFACE
  8
Default_Layer
 10
12.866693
 20
29.289330
 30
6.835536
 11
12.866693
 21
29.289330
 31
8.096490
 12
12.505814
 22
29.036638
 32
8.096490
 13
12.505814
 23
29.036638
 33
8.096490
  0
3DFACE
  8
Default_Layer
 10
12.505814
 20
29.036638
 30
6.835536
 11
12.355906
 21
29.250729
 31
6.835536
 12
12.716784
 22
29.503420
 32
6.835536
 13
12.716784
 23
29.503420
 33
6.835536
  0
3DFACE
  8
Default_Layer
 10
12.716784
 20
29.503420
 30
6.835536
 11
12.866693
 21
29.289330
 31
6.835536
 12
12.505814
 22
29.036638
 32
6.835536
 13
12.505814
 23
29.036638
 33
6.835536
  0
3DFACE
  8
Default_Layer
 10
12.355906
 20
29.250729
 30
6.835536
 11
12.355906
 21
29.250729
 31
8.096490
 12
12.716784
 22
29.503420
 32
8.096490
 13
12.716784
 23
29.503420
 33
8.096490
  0
3DFACE
  8
Default_Layer
 10
12.716784
 20
29.503420
 30
8.096490
 11
12.716784
 21
29.503420
 31
6.835536
 12
12.355906
 22
29.250729
 32
6.835536
 13
12.355906
 23
29.250729
 33
6.835536
  0
3DFACE
  8
Default_Layer
 10
12.355906
 20
29.250729
 30
8.096490
 11
12.505814
 21
29.036638
 31
8.096490
 12
12.866693
 22
29.289330
 32
8.096490
 13
12.866693
 23
29.289330
 33
8.096490
  0
3DFACE
  8
Default_Layer
 10
12.866693
 20
29.289330
 30
8.096490
 11
12.716784
 21
29.503420
 31
8.096490
 12
12.355906
 22
29.250729
 32
8.096490
 13
12.355906
 23
29.250729
 33
8.096490
  0
3DFACE
  8
Default_Layer
 10
13.094465
 20
30.073751
 30
8.576055
 11
12.764561
 21
30.544905
 31
8.576055
 12
13.428505
 22
31.009802
 32
7.610107
 13
13.428505
 23
31.009802
 33
7.610107
  0
3DFACE
  8
Default_Layer
 10
13.428505
 20
31.009802
 30
7.610107
 11
13.758410
 21
30.538651
 31
7.610107
 12
13.094465
 22
30.073751
 32
8.576055
 13
13.094465
 23
30.073751
 33
8.576055
  0
3DFACE
  8
Default_Layer
 10
13.492689
 20
30.352592
 30
8.983975
 11
14.156633
 21
30.817490
 31
8.018029
 12
13.826729
 22
31.288643
 32
8.018029
 13
13.826729
 23
31.288643
 33
8.018029
  0
3DFACE
  8
Default_Layer
 10
13.826729
 20
31.288643
 30
8.018029
 11
13.162786
 21
30.823744
 31
8.983975
 12
13.492689
 22
30.352592
 32
8.983975
 13
13.492689
 23
30.352592
 33
8.983975
  0
3DFACE
  8
Default_Layer
 10
13.094465
 20
30.073751
 30
8.576055
 11
13.758410
 21
30.538651
 31
7.610107
 12
14.156633
 22
30.817490
 32
8.018029
 13
14.156633
 23
30.817490
 33
8.018029
  0
3DFACE
  8
Default_Layer
 10
14.156633
 20
30.817490
 30
8.018029
 11
13.492689
 21
30.352592
 31
8.983975
 12
13.094465
 22
30.073751
 32
8.576055
 13
13.094465
 23
30.073751
 33
8.576055
  0
3DFACE
  8
Default_Layer
 10
13.758410
 20
30.538651
 30
7.610107
 11
13.428505
 21
31.009802
 31
7.610107
 12
13.826729
 22
31.288643
 32
8.018029
 13
13.826729
 23
31.288643
 33
8.018029
  0
3DFACE
  8
Default_Layer
 10
13.826729
 20
31.288643
 30
8.018029
 11
14.156633
 21
30.817490
 31
8.018029
 12
13.758410
 22
30.538651
 32
7.610107
 13
13.758410
 23
30.538651
 33
7.610107
  0
3DFACE
  8
Default_Layer
 10
13.428505
 20
31.009802
 30
7.610107
 11
12.764561
 21
30.544905
 31
8.576055
 12
13.162786
 22
30.823744
 32
8.983975
 13
13.162786
 23
30.823744
 33
8.983975
  0
3DFACE
  8
Default_Layer
 10
13.162786
 20
30.823744
 30
8.983975
 11
13.826729
 21
31.288643
 31
8.018029
 12
13.428505
 22
31.009802
 32
7.610107
 13
13.428505
 23
31.009802
 33
7.610107
  0
3DFACE
  8
Default_Layer
 10
12.764561
 20
30.544905
 30
8.576055
 11
13.094465
 21
30.073751
 31
8.576055
 12
13.492689
 22
30.352592
 32
8.983975
 13
13.492689
 23
30.352592
 33
8.983975
  0
3DFACE
  8
Default_Layer
 10
13.492689
 20
30.352592
 30
8.983975
 11
13.162786
 21
30.823744
 31
8.983975
 12
12.764561
 22
30.544905
 32
8.576055
 13
12.764561
 23
30.544905
 33
8.576055
  0
3DFACE
  8
Default_Layer
 10
13.869828
 20
28.966419
 30
8.576055
 11
13.539924
 21
29.437571
 31
8.576055
 12
14.203868
 22
29.902470
 32
7.610107
 13
14.203868
 23
29.902470
 33
7.610107
  0
3DFACE
  8
Default_Layer
 10
14.203868
 20
29.902470
 30
7.610107
 11
14.533772
 21
29.431316
 31
7.610107
 12
13.869828
 22
28.966419
 32
8.576055
 13
13.869828
 23
28.966419
 33
8.576055
  0
3DFACE
  8
Default_Layer
 10
14.268053
 20
29.245258
 30
8.983975
 11
14.931997
 21
29.710155
 31
8.018029
 12
14.602093
 22
30.181309
 32
8.018029
 13
14.602093
 23
30.181309
 33
8.018029
  0
3DFACE
  8
Default_Layer
 10
14.602093
 20
30.181309
 30
8.018029
 11
13.938148
 21
29.716410
 31
8.983975
 12
14.268053
 22
29.245258
 32
8.983975
 13
14.268053
 23
29.245258
 33
8.983975
  0
3DFACE
  8
Default_Layer
 10
13.869828
 20
28.966419
 30
8.576055
 11
14.533772
 21
29.431316
 31
7.610107
 12
14.931997
 22
29.710155
 32
8.018029
 13
14.931997
 23
29.710155
 33
8.018029
  0
3DFACE
  8
Default_Layer
 10
14.931997
 20
29.710155
 30
8.018029
 11
14.268053
 21
29.245258
 31
8.983975
 12
13.869828
 22
28.966419
 32
8.576055
 13
13.869828
 23
28.966419
 33
8.576055
  0
3DFACE
  8
Default_Layer
 10
14.533772
 20
29.431316
 30
7.610107
 11
14.203868
 21
29.902470
 31
7.610107
 12
14.602093
 22
30.181309
 32
8.018029
 13
14.602093
 23
30.181309
 33
8.018029
  0
3DFACE
  8
Default_Layer
 10
14.602093
 20
30.181309
 30
8.018029
 11
14.931997
 21
29.710155
 31
8.018029
 12
14.533772
 22
29.431316
 32
7.610107
 13
14.533772
 23
29.431316
 33
7.610107
  0
3DFACE
  8
Default_Layer
 10
14.203868
 20
29.902470
 30
7.610107
 11
13.539924
 21
29.437571
 31
8.576055
 12
13.938148
 22
29.716410
 32
8.983975
 13
13.938148
 23
29.716410
 33
8.983975
  0
3DFACE
  8
Default_Layer
 10
13.938148
 20
29.716410
 30
8.983975
 11
14.602093
 21
30.181309
 31
8.018029
 12
14.203868
 22
29.902470
 32
7.610107
 13
14.203868
 23
29.902470
 33
7.610107
  0
3DFACE
  8
Default_Layer
 10
13.539924
 20
29.437571
 30
8.576055
 11
13.869828
 21
28.966419
 31
8.576055
 12
14.268053
 22
29.245258
 32
8.983975
 13
14.268053
 23
29.245258
 33
8.983975
  0
3DFACE
  8
Default_Layer
 10
14.268053
 20
29.245258
 30
8.983975
 11
13.938148
 21
29.716410
 31
8.983975
 12
13.539924
 22
29.437571
 32
8.576055
 13
13.539924
 23
29.437571
 33
8.576055
  0
3DFACE
  8
Default_Layer
 10
13.197754
 20
30.303478
 30
9.086806
 11
13.015759
 21
30.563393
 31
9.086806
 12
12.079622
 22
29.907902
 32
8.553905
 13
12.079622
 23
29.907902
 33
8.553905
  0
3DFACE
  8
Default_Layer
 10
12.079622
 20
29.907902
 30
8.553905
 11
12.261617
 21
29.647987
 31
8.553905
 12
13.197754
 22
30.303478
 32
9.086806
 13
13.197754
 23
30.303478
 33
9.086806
  0
3DFACE
  8
Default_Layer
 10
13.417450
 20
30.457312
 30
8.511653
 11
12.481313
 21
29.801821
 31
7.978750
 12
12.299318
 22
30.061735
 32
7.978750
 13
12.299318
 23
30.061735
 33
7.978750
  0
3DFACE
  8
Default_Layer
 10
12.299318
 20
30.061735
 30
7.978750
 11
13.235456
 21
30.717226
 31
8.511653
 12
13.417450
 22
30.457312
 32
8.511653
 13
13.417450
 23
30.457312
 33
8.511653
  0
3DFACE
  8
Default_Layer
 10
13.197754
 20
30.303478
 30
9.086806
 11
12.261617
 21
29.647987
 31
8.553905
 12
12.481313
 22
29.801821
 32
7.978750
 13
12.481313
 23
29.801821
 33
7.978750
  0
3DFACE
  8
Default_Layer
 10
12.481313
 20
29.801821
 30
7.978750
 11
13.417450
 21
30.457312
 31
8.511653
 12
13.197754
 22
30.303478
 32
9.086806
 13
13.197754
 23
30.303478
 33
9.086806
  0
3DFACE
  8
Default_Layer
 10
12.261617
 20
29.647987
 30
8.553905
 11
12.079622
 21
29.907902
 31
8.553905
 12
12.299318
 22
30.061735
 32
7.978750
 13
12.299318
 23
30.061735
 33
7.978750
  0
3DFACE
  8
Default_Layer
 10
12.299318
 20
30.061735
 30
7.978750
 11
12.481313
 21
29.801821
 31
7.978750
 12
12.261617
 22
29.647987
 32
8.553905
 13
12.261617
 23
29.647987
 33
8.553905
  0
3DFACE
  8
Default_Layer
 10
12.079622
 20
29.907902
 30
8.553905
 11
13.015759
 21
30.563393
 31
9.086806
 12
13.235456
 22
30.717226
 32
8.511653
 13
13.235456
 23
30.717226
 33
8.511653
  0
3DFACE
  8
Default_Layer
 10
13.235456
 20
30.717226
 30
8.511653
 11
12.299318
 21
30.061735
 31
7.978750
 12
12.079622
 22
29.907902
 32
8.553905
 13
12.079622
 23
29.907902
 33
8.553905
  0
3DFACE
  8
Default_Layer
 10
13.015759
 20
30.563393
 30
9.086806
 11
13.197754
 21
30.303478
 31
9.086806
 12
13.417450
 22
30.457312
 32
8.511653
 13
13.417450
 23
30.457312
 33
8.511653
  0
3DFACE
  8
Default_Layer
 10
13.417450
 20
30.457312
 30
8.511653
 11
13.235456
 21
30.717226
 31
8.511653
 12
13.015759
 22
30.563393
 32
9.086806
 13
13.015759
 23
30.563393
 33
9.086806
  0
3DFACE
  8
Default_Layer
 10
13.973117
 20
29.196144
 30
9.086806
 11
13.791122
 21
29.456059
 31
9.086806
 12
12.854985
 22
28.800568
 32
8.553905
 13
12.854985
 23
28.800568
 33
8.553905
  0
3DFACE
  8
Default_Layer
 10
12.854985
 20
28.800568
 30
8.553905
 11
13.036980
 21
28.540653
 31
8.553905
 12
13.973117
 22
29.196144
 32
9.086806
 13
13.973117
 23
29.196144
 33
9.086806
  0
3DFACE
  8
Default_Layer
 10
14.192813
 20
29.349977
 30
8.511653
 11
13.256676
 21
28.694487
 31
7.978750
 12
13.074681
 22
28.954401
 32
7.978750
 13
13.074681
 23
28.954401
 33
7.978750
  0
3DFACE
  8
Default_Layer
 10
13.074681
 20
28.954401
 30
7.978750
 11
14.010818
 21
29.609892
 31
8.511653
 12
14.192813
 22
29.349977
 32
8.511653
 13
14.192813
 23
29.349977
 33
8.511653
  0
3DFACE
  8
Default_Layer
 10
13.973117
 20
29.196144
 30
9.086806
 11
13.036980
 21
28.540653
 31
8.553905
 12
13.256676
 22
28.694487
 32
7.978750
 13
13.256676
 23
28.694487
 33
7.978750
  0
3DFACE
  8
Default_Layer
 10
13.256676
 20
28.694487
 30
7.978750
 11
14.192813
 21
29.349977
 31
8.511653
 12
13.973117
 22
29.196144
 32
9.086806
 13
13.973117
 23
29.196144
 33
9.086806
  0
3DFACE
  8
Default_Layer
 10
13.036980
 20
28.540653
 30
8.553905
 11
12.854985
 21
28.800568
 31
8.553905
 12
13.074681
 22
28.954401
 32
7.978750
 13
13.074681
 23
28.954401
 33
7.978750
  0
3DFACE
  8
Default_Layer
 10
13.074681
 20
28.954401
 30
7.978750
 11
13.256676
 21
28.694487
 31
7.978750
 12
13.036980
 22
28.540653
 32
8.553905
 13
13.036980
 23
28.540653
 33
8.553905
  0
3DFACE
  8
Default_Layer
 10
12.854985
 20
28.800568
 30
8.553905
 11
13.791122
 21
29.456059
 31
9.086806
 12
14.010818
 22
29.609892
 32
8.511653
 13
14.010818
 23
29.609892
 33
8.511653
  0
3DFACE
  8
Default_Layer
 10
14.010818
 20
29.609892
 30
8.511653
 11
13.074681
 21
28.954401
 31
7.978750
 12
12.854985
 22
28.800568
 32
8.553905
 13
12.854985
 23
28.800568
 33
8.553905
  0
3DFACE
  8
Default_Layer
 10
13.791122
 20
29.456059
 30
9.086806
 11
13.973117
 21
29.196144
 31
9.086806
 12
14.192813
 22
29.349977
 32
8.511653
 13
14.192813
 23
29.349977
 33
8.511653
  0
3DFACE
  8
Default_Layer
 10
14.192813
 20
29.349977
 30
8.511653
 11
14.010818
 21
29.609892
 31
8.511653
 12
13.791122
 22
29.456059
 32
9.086806
 13
13.791122
 23
29.456059
 33
9.086806
  0
3DFACE
  8
Default_Layer
 10
4.731992
 20
12.871387
 30
1.749013
 11
4.731992
 21
15.259521
 31
1.301355
 12
4.731992
 22
15.259521
 32
-1.082505
 13
4.731992
 23
15.259521
 33
-1.082505
  0
3DFACE
  8
Default_Layer
 10
4.731992
 20
15.259521
 30
-1.082505
 11
4.731992
 21
12.871387
 31
-2.765812
 12
4.731992
 22
12.871387
 32
1.749013
 13
4.731992
 23
12.871387
 33
1.749013
  0
3DFACE
  8
Default_Layer
 10
7.186221
 20
12.871386
 30
1.749013
 11
7.186221
 21
12.871387
 31
-2.765811
 12
7.186221
 22
15.259521
 32
-1.082504
 13
7.186221
 23
15.259521
 33
-1.082504
  0
3DFACE
  8
Default_Layer
 10
7.186221
 20
15.259521
 30
-1.082504
 11
7.186221
 21
15.259521
 31
1.301356
 12
7.186221
 22
12.871386
 32
1.749013
 13
7.186221
 23
12.871386
 33
1.749013
  0
3DFACE
  8
Default_Layer
 10
5.033910
 20
1.231256
 30
1.017283
 11
5.033910
 21
1.231256
 31
0.374264
 12
6.884300
 22
1.231256
 32
0.374264
 13
6.884300
 23
1.231256
 33
0.374264
  0
3DFACE
  8
Default_Layer
 10
6.884300
 20
1.231256
 30
0.374264
 11
6.884299
 21
1.231257
 31
1.017284
 12
5.033910
 22
1.231256
 32
1.017283
 13
5.033910
 23
1.231256
 33
1.017283
  0
3DFACE
  8
Default_Layer
 10
4.731992
 20
12.871387
 30
-2.765812
 11
4.731992
 21
15.259521
 31
-1.082505
 12
7.186221
 22
15.259521
 32
-1.082504
 13
7.186221
 23
15.259521
 33
-1.082504
  0
3DFACE
  8
Default_Layer
 10
7.186221
 20
15.259521
 30
-1.082504
 11
7.186221
 21
12.871387
 31
-2.765811
 12
4.731992
 22
12.871387
 32
-2.765812
 13
4.731992
 23
12.871387
 33
-2.765812
  0
3DFACE
  8
Default_Layer
 10
4.731993
 20
16.244577
 30
-0.514794
 11
4.731992
 21
16.244577
 31
0.733645
 12
7.186221
 22
16.244577
 32
0.733645
 13
7.186221
 23
16.244577
 33
0.733645
  0
3DFACE
  8
Default_Layer
 10
7.186221
 20
16.244577
 30
0.733645
 11
7.186221
 21
16.244577
 31
-0.514793
 12
4.731993
 22
16.244577
 32
-0.514794
 13
4.731993
 23
16.244577
 33
-0.514794
  0
3DFACE
  8
Default_Layer
 10
4.731992
 20
15.259521
 30
1.301355
 11
4.731992
 21
12.871387
 31
1.749013
 12
7.186221
 22
12.871386
 32
1.749013
 13
7.186221
 23
12.871386
 33
1.749013
  0
3DFACE
  8
Default_Layer
 10
7.186221
 20
12.871386
 30
1.749013
 11
7.186221
 21
15.259521
 31
1.301356
 12
4.731992
 22
15.259521
 32
1.301355
 13
4.731992
 23
15.259521
 33
1.301355
  0
3DFACE
  8
Default_Layer
 10
4.731992
 20
15.259521
 30
-1.082505
 11
4.731992
 21
15.259521
 31
1.301355
 12
4.731992
 22
16.244577
 32
0.733645
 13
4.731992
 23
16.244577
 33
0.733645
  0
3DFACE
  8
Default_Layer
 10
4.731992
 20
16.244577
 30
0.733645
 11
4.731993
 21
16.244577
 31
-0.514794
 12
4.731992
 22
15.259521
 32
-1.082505
 13
4.731992
 23
15.259521
 33
-1.082505
  0
3DFACE
  8
Default_Layer
 10
4.731992
 20
15.259521
 30
1.301355
 11
7.186221
 21
15.259521
 31
1.301356
 12
7.186221
 22
16.244577
 32
0.733645
 13
7.186221
 23
16.244577
 33
0.733645
  0
3DFACE
  8
Default_Layer
 10
7.186221
 20
16.244577
 30
0.733645
 11
4.731992
 21
16.244577
 31
0.733645
 12
4.731992
 22
15.259521
 32
1.301355
 13
4.731992
 23
15.259521
 33
1.301355
  0
3DFACE
  8
Default_Layer
 10
7.186221
 20
15.259521
 30
1.301356
 11
7.186221
 21
15.259521
 31
-1.082504
 12
7.186221
 22
16.244577
 32
-0.514793
 13
7.186221
 23
16.244577
 33
-0.514793
  0
3DFACE
  8
Default_Layer
 10
7.186221
 20
16.244577
 30
-0.514793
 11
7.186221
 21
16.244577
 31
0.733645
 12
7.186221
 22
15.259521
 32
1.301356
 13
7.186221
 23
15.259521
 33
1.301356
  0
3DFACE
  8
Default_Layer
 10
7.186221
 20
15.259521
 30
-1.082504
 11
4.731992
 21
15.259521
 31
-1.082505
 12
4.731993
 22
16.244577
 32
-0.514794
 13
4.731993
 23
16.244577
 33
-0.514794
  0
3DFACE
  8
Default_Layer
 10
4.731993
 20
16.244577
 30
-0.514794
 11
7.186221
 21
16.244577
 31
-0.514793
 12
7.186221
 22
15.259521
 32
-1.082504
 13
7.186221
 23
15.259521
 33
-1.082504
  0
3DFACE
  8
Default_Layer
 10
4.340750
 20
12.871387
 30
1.574754
 11
3.594315
 21
12.344705
 31
-1.703130
 12
3.594315
 22
9.999568
 32
-1.703130
 13
3.594315
 23
9.999568
 33
-1.703130
  0
3DFACE
  8
Default_Layer
 10
3.594315
 20
9.999568
 30
-1.703130
 11
4.340750
 21
9.472887
 31
1.574754
 12
4.340750
 22
12.871387
 32
1.574754
 13
4.340750
 23
12.871387
 33
1.574754
  0
3DFACE
  8
Default_Layer
 10
4.731992
 20
12.871387
 30
-2.765812
 11
7.186221
 21
12.871387
 31
-2.765811
 12
7.186220
 22
9.472885
 32
-2.765810
 13
7.186220
 23
9.472885
 33
-2.765810
  0
3DFACE
  8
Default_Layer
 10
7.186220
 20
9.472885
 30
-2.765810
 11
4.731992
 21
9.472886
 31
-2.765811
 12
4.731992
 22
12.871387
 32
-2.765812
 13
4.731992
 23
12.871387
 33
-2.765812
  0
3DFACE
  8
Default_Layer
 10
8.323898
 20
12.344704
 30
-1.703129
 11
7.577463
 21
12.871386
 31
1.574755
 12
7.577462
 22
9.472887
 32
1.574755
 13
7.577462
 23
9.472887
 33
1.574755
  0
3DFACE
  8
Default_Layer
 10
7.577462
 20
9.472887
 30
1.574755
 11
8.323896
 21
9.999567
 31
-1.703128
 12
8.323898
 22
12.344704
 32
-1.703129
 13
8.323898
 23
12.344704
 33
-1.703129
  0
3DFACE
  8
Default_Layer
 10
7.186221
 20
12.871386
 30
1.749013
 11
4.731992
 21
12.871387
 31
1.749013
 12
4.731991
 22
9.472887
 32
1.749013
 13
4.731991
 23
9.472887
 33
1.749013
  0
3DFACE
  8
Default_Layer
 10
4.731991
 20
9.472887
 30
1.749013
 11
7.186220
 21
9.472887
 31
1.749013
 12
7.186221
 22
12.871386
 32
1.749013
 13
7.186221
 23
12.871386
 33
1.749013
  0
3DFACE
  8
Default_Layer
 10
4.731991
 20
9.472887
 30
1.749013
 11
4.731992
 21
9.472886
 31
-2.765811
 12
4.731991
 22
6.948626
 32
-1.810695
 13
4.731991
 23
6.948626
 33
-1.810695
  0
3DFACE
  8
Default_Layer
 10
4.731991
 20
9.472887
 30
1.749013
 11
4.731991
 21
6.948626
 31
-1.810695
 12
4.731991
 22
5.229133
 32
-1.160082
 13
4.731991
 23
5.229133
 33
-1.160082
  0
3DFACE
  8
Default_Layer
 10
4.731991
 20
9.472887
 30
1.749013
 11
4.731991
 21
5.229133
 31
-1.160082
 12
4.731991
 22
5.229133
 32
1.749013
 13
4.731991
 23
5.229133
 33
1.749013
  0
3DFACE
  8
Default_Layer
 10
6.485384
 20
8.448430
 30
-3.136424
 11
6.485384
 21
7.446315
 31
-2.593552
 12
5.432828
 22
7.446314
 32
-2.593552
 13
5.432828
 23
7.446314
 33
-2.593552
  0
3DFACE
  8
Default_Layer
 10
5.432828
 20
7.446314
 30
-2.593552
 11
5.432828
 21
8.448429
 31
-3.136424
 12
6.485384
 22
8.448430
 32
-3.136424
 13
6.485384
 23
8.448430
 33
-3.136424
  0
3DFACE
  8
Default_Layer
 10
7.186220
 20
9.472887
 30
1.749013
 11
7.186219
 21
5.229132
 31
1.749013
 12
7.186220
 22
5.229132
 32
-1.160082
 13
7.186220
 23
5.229132
 33
-1.160082
  0
3DFACE
  8
Default_Layer
 10
7.186220
 20
9.472887
 30
1.749013
 11
7.186220
 21
5.229132
 31
-1.160082
 12
7.186220
 22
6.948626
 32
-1.810694
 13
7.186220
 23
6.948626
 33
-1.810694
  0
3DFACE
  8
Default_Layer
 10
7.186220
 20
9.472885
 30
-2.765810
 11
7.186220
 21
9.472887
 31
1.749013
 12
7.186220
 22
6.948626
 32
-1.810694
 13
7.186220
 23
6.948626
 33
-1.810694
  0
3DFACE
  8
Default_Layer
 10
7.186220
 20
9.472887
 30
1.749013
 11
4.731991
 21
9.472887
 31
1.749013
 12
4.731991
 22
5.229133
 32
1.749013
 13
4.731991
 23
5.229133
 33
1.749013
  0
3DFACE
  8
Default_Layer
 10
7.186220
 20
9.472887
 30
1.749013
 11
4.731991
 21
5.229133
 31
1.749013
 12
5.033910
 22
3.107912
 32
1.749013
 13
5.033910
 23
3.107912
 33
1.749013
  0
3DFACE
  8
Default_Layer
 10
5.033910
 20
3.107912
 30
1.749013
 11
6.884299
 21
3.107912
 31
1.749013
 12
7.186219
 22
5.229132
 32
1.749013
 13
7.186219
 23
5.229132
 33
1.749013
  0
3DFACE
  8
Default_Layer
 10
7.186220
 20
9.472887
 30
1.749013
 11
5.033910
 21
3.107912
 31
1.749013
 12
7.186219
 22
5.229132
 32
1.749013
 13
7.186219
 23
5.229132
 33
1.749013
  0
3DFACE
  8
Default_Layer
 10
5.033910
 20
3.107912
 30
1.749013
 11
5.033911
 21
3.107912
 31
-0.357466
 12
5.033910
 22
1.679040
 32
-0.149185
 13
5.033910
 23
1.679040
 33
-0.149185
  0
3DFACE
  8
Default_Layer
 10
5.033910
 20
1.679040
 30
-0.149185
 11
5.033910
 21
1.679040
 31
1.540733
 12
5.033910
 22
3.107912
 32
1.749013
 13
5.033910
 23
3.107912
 33
1.749013
  0
3DFACE
  8
Default_Layer
 10
5.033911
 20
3.107912
 30
-0.357466
 11
6.884300
 21
3.107911
 31
-0.357466
 12
6.884300
 22
1.679039
 32
-0.149185
 13
6.884300
 23
1.679039
 33
-0.149185
  0
3DFACE
  8
Default_Layer
 10
6.884300
 20
1.679039
 30
-0.149185
 11
5.033910
 21
1.679040
 31
-0.149185
 12
5.033911
 22
3.107912
 32
-0.357466
 13
5.033911
 23
3.107912
 33
-0.357466
  0
3DFACE
  8
Default_Layer
 10
6.884300
 20
3.107911
 30
-0.357466
 11
6.884299
 21
3.107912
 31
1.749013
 12
6.884300
 22
1.679040
 32
1.540733
 13
6.884300
 23
1.679040
 33
1.540733
  0
3DFACE
  8
Default_Layer
 10
6.884300
 20
1.679040
 30
1.540733
 11
6.884300
 21
1.679039
 31
-0.149185
 12
6.884300
 22
3.107911
 32
-0.357466
 13
6.884300
 23
3.107911
 33
-0.357466
  0
3DFACE
  8
Default_Layer
 10
6.884299
 20
3.107912
 30
1.749013
 11
5.033910
 21
3.107912
 31
1.749013
 12
5.033910
 22
1.679040
 32
1.540733
 13
5.033910
 23
1.679040
 33
1.540733
  0
3DFACE
  8
Default_Layer
 10
5.033910
 20
1.679040
 30
1.540733
 11
6.884300
 21
1.679040
 31
1.540733
 12
6.884299
 22
3.107912
 32
1.749013
 13
6.884299
 23
3.107912
 33
1.749013
  0
3DFACE
  8
Default_Layer
 10
5.033910
 20
1.679040
 30
1.540733
 11
5.033910
 21
1.679040
 31
-0.149185
 12
5.033910
 22
1.231256
 32
0.374264
 13
5.033910
 23
1.231256
 33
0.374264
  0
3DFACE
  8
Default_Layer
 10
5.033910
 20
1.231256
 30
0.374264
 11
5.033910
 21
1.231256
 31
1.017283
 12
5.033910
 22
1.679040
 32
1.540733
 13
5.033910
 23
1.679040
 33
1.540733
  0
3DFACE
  8
Default_Layer
 10
5.033910
 20
1.679040
 30
-0.149185
 11
6.884300
 21
1.679039
 31
-0.149185
 12
6.884300
 22
1.231256
 32
0.374264
 13
6.884300
 23
1.231256
 33
0.374264
  0
3DFACE
  8
Default_Layer
 10
6.884300
 20
1.231256
 30
0.374264
 11
5.033910
 21
1.231256
 31
0.374264
 12
5.033910
 22
1.679040
 32
-0.149185
 13
5.033910
 23
1.679040
 33
-0.149185
  0
3DFACE
  8
Default_Layer
 10
6.884300
 20
1.679039
 30
-0.149185
 11
6.884300
 21
1.679040
 31
1.540733
 12
6.884299
 22
1.231257
 32
1.017284
 13
6.884299
 23
1.231257
 33
1.017284
  0
3DFACE
  8
Default_Layer
 10
6.884299
 20
1.231257
 30
1.017284
 11
6.884300
 21
1.231256
 31
0.374264
 12
6.884300
 22
1.679039
 32
-0.149185
 13
6.884300
 23
1.679039
 33
-0.149185
  0
3DFACE
  8
Default_Layer
 10
6.884300
 20
1.679040
 30
1.540733
 11
5.033910
 21
1.679040
 31
1.540733
 12
5.033910
 22
1.231256
 32
1.017283
 13
5.033910
 23
1.231256
 33
1.017283
  0
3DFACE
  8
Default_Layer
 10
5.033910
 20
1.231256
 30
1.017283
 11
6.884299
 21
1.231257
 31
1.017284
 12
6.884300
 22
1.679040
 32
1.540733
 13
6.884300
 23
1.679040
 33
1.540733
  0
3DFACE
  8
Default_Layer
 10
4.731992
 20
12.871387
 30
1.749013
 11
4.731992
 21
12.871387
 31
-2.765812
 12
3.594315
 22
12.344705
 32
-1.703130
 13
3.594315
 23
12.344705
 33
-1.703130
  0
3DFACE
  8
Default_Layer
 10
3.594315
 20
12.344705
 30
-1.703130
 11
4.340750
 21
12.871387
 31
1.574754
 12
4.731992
 22
12.871387
 32
1.749013
 13
4.731992
 23
12.871387
 33
1.749013
  0
3DFACE
  8
Default_Layer
 10
4.731992
 20
12.871387
 30
-2.765812
 11
4.731992
 21
9.472886
 31
-2.765811
 12
3.594315
 22
9.999568
 32
-1.703130
 13
3.594315
 23
9.999568
 33
-1.703130
  0
3DFACE
  8
Default_Layer
 10
3.594315
 20
9.999568
 30
-1.703130
 11
3.594315
 21
12.344705
 31
-1.703130
 12
4.731992
 22
12.871387
 32
-2.765812
 13
4.731992
 23
12.871387
 33
-2.765812
  0
3DFACE
  8
Default_Layer
 10
4.731992
 20
9.472886
 30
-2.765811
 11
4.731991
 21
9.472887
 31
1.749013
 12
4.340750
 22
9.472887
 32
1.574754
 13
4.340750
 23
9.472887
 33
1.574754
  0
3DFACE
  8
Default_Layer
 10
4.340750
 20
9.472887
 30
1.574754
 11
3.594315
 21
9.999568
 31
-1.703130
 12
4.731992
 22
9.472886
 32
-2.765811
 13
4.731992
 23
9.472886
 33
-2.765811
  0
3DFACE
  8
Default_Layer
 10
4.731991
 20
9.472887
 30
1.749013
 11
4.731992
 21
12.871387
 31
1.749013
 12
4.340750
 22
12.871387
 32
1.574754
 13
4.340750
 23
12.871387
 33
1.574754
  0
3DFACE
  8
Default_Layer
 10
4.340750
 20
12.871387
 30
1.574754
 11
4.340750
 21
9.472887
 31
1.574754
 12
4.731991
 22
9.472887
 32
1.749013
 13
4.731991
 23
9.472887
 33
1.749013
  0
3DFACE
  8
Default_Layer
 10
7.186221
 20
12.871387
 30
-2.765811
 11
7.186221
 21
12.871386
 31
1.749013
 12
7.577463
 22
12.871386
 32
1.574755
 13
7.577463
 23
12.871386
 33
1.574755
  0
3DFACE
  8
Default_Layer
 10
7.577463
 20
12.871386
 30
1.574755
 11
8.323898
 21
12.344704
 31
-1.703129
 12
7.186221
 22
12.871387
 32
-2.765811
 13
7.186221
 23
12.871387
 33
-2.765811
  0
3DFACE
  8
Default_Layer
 10
7.186221
 20
12.871386
 30
1.749013
 11
7.186220
 21
9.472887
 31
1.749013
 12
7.577462
 22
9.472887
 32
1.574755
 13
7.577462
 23
9.472887
 33
1.574755
  0
3DFACE
  8
Default_Layer
 10
7.577462
 20
9.472887
 30
1.574755
 11
7.577463
 21
12.871386
 31
1.574755
 12
7.186221
 22
12.871386
 32
1.749013
 13
7.186221
 23
12.871386
 33
1.749013
  0
3DFACE
  8
Default_Layer
 10
7.186220
 20
9.472887
 30
1.749013
 11
7.186220
 21
9.472885
 31
-2.765810
 12
8.323896
 22
9.999567
 32
-1.703128
 13
8.323896
 23
9.999567
 33
-1.703128
  0
3DFACE
  8
Default_Layer
 10
8.323896
 20
9.999567
 30
-1.703128
 11
7.577462
 21
9.472887
 31
1.574755
 12
7.186220
 22
9.472887
 32
1.749013
 13
7.186220
 23
9.472887
 33
1.749013
  0
3DFACE
  8
Default_Layer
 10
7.186220
 20
9.472885
 30
-2.765810
 11
7.186221
 21
12.871387
 31
-2.765811
 12
8.323898
 22
12.344704
 32
-1.703129
 13
8.323898
 23
12.344704
 33
-1.703129
  0
3DFACE
  8
Default_Layer
 10
8.323898
 20
12.344704
 30
-1.703129
 11
8.323896
 21
9.999567
 31
-1.703128
 12
7.186220
 22
9.472885
 32
-2.765810
 13
7.186220
 23
9.472885
 33
-2.765810
  0
3DFACE
  8
Default_Layer
 10
4.158474
 20
3.272605
 30
-0.225076
 11
4.158474
 21
3.272605
 31
1.554307
 12
4.158475
 22
5.064441
 32
1.554308
 13
4.158475
 23
5.064441
 33
1.554308
  0
3DFACE
  8
Default_Layer
 10
4.158475
 20
5.064441
 30
1.554308
 11
4.158475
 21
5.064441
 31
-0.903062
 12
4.158474
 22
3.272605
 32
-0.225076
 13
4.158474
 23
3.272605
 33
-0.225076
  0
3DFACE
  8
Default_Layer
 10
7.759736
 20
5.064440
 30
1.554308
 11
7.759736
 21
3.272604
 31
1.554308
 12
7.759737
 22
3.272604
 32
-0.225075
 13
7.759737
 23
3.272604
 33
-0.225075
  0
3DFACE
  8
Default_Layer
 10
7.759737
 20
3.272604
 30
-0.225075
 11
7.759736
 21
5.064440
 31
-0.903061
 12
7.759736
 22
5.064440
 32
1.554308
 13
7.759736
 23
5.064440
 33
1.554308
  0
3DFACE
  8
Default_Layer
 10
5.033911
 20
3.107912
 30
-0.357466
 11
5.033910
 21
3.107912
 31
1.749013
 12
4.158474
 22
3.272605
 32
1.554307
 13
4.158474
 23
3.272605
 33
1.554307
  0
3DFACE
  8
Default_Layer
 10
4.158474
 20
3.272605
 30
1.554307
 11
4.158474
 21
3.272605
 31
-0.225076
 12
5.033911
 22
3.107912
 32
-0.357466
 13
5.033911
 23
3.107912
 33
-0.357466
  0
3DFACE
  8
Default_Layer
 10
5.033910
 20
3.107912
 30
1.749013
 11
4.731991
 21
5.229133
 31
1.749013
 12
4.158475
 22
5.064441
 32
1.554308
 13
4.158475
 23
5.064441
 33
1.554308
  0
3DFACE
  8
Default_Layer
 10
4.158475
 20
5.064441
 30
1.554308
 11
4.158474
 21
3.272605
 31
1.554307
 12
5.033910
 22
3.107912
 32
1.749013
 13
5.033910
 23
3.107912
 33
1.749013
  0
3DFACE
  8
Default_Layer
 10
4.731991
 20
5.229133
 30
1.749013
 11
4.731991
 21
5.229133
 31
-1.160082
 12
4.158475
 22
5.064441
 32
-0.903062
 13
4.158475
 23
5.064441
 33
-0.903062
  0
3DFACE
  8
Default_Layer
 10
4.158475
 20
5.064441
 30
-0.903062
 11
4.158475
 21
5.064441
 31
1.554308
 12
4.731991
 22
5.229133
 32
1.749013
 13
4.731991
 23
5.229133
 33
1.749013
  0
3DFACE
  8
Default_Layer
 10
4.731991
 20
5.229133
 30
-1.160082
 11
5.033911
 21
3.107912
 31
-0.357466
 12
4.158474
 22
3.272605
 32
-0.225076
 13
4.158474
 23
3.272605
 33
-0.225076
  0
3DFACE
  8
Default_Layer
 10
4.158474
 20
3.272605
 30
-0.225076
 11
4.158475
 21
5.064441
 31
-0.903062
 12
4.731991
 22
5.229133
 32
-1.160082
 13
4.731991
 23
5.229133
 33
-1.160082
  0
3DFACE
  8
Default_Layer
 10
6.884299
 20
3.107912
 30
1.749013
 11
6.884300
 21
3.107911
 31
-0.357466
 12
7.759737
 22
3.272604
 32
-0.225075
 13
7.759737
 23
3.272604
 33
-0.225075
  0
3DFACE
  8
Default_Layer
 10
7.759737
 20
3.272604
 30
-0.225075
 11
7.759736
 21
3.272604
 31
1.554308
 12
6.884299
 22
3.107912
 32
1.749013
 13
6.884299
 23
3.107912
 33
1.749013
  0
3DFACE
  8
Default_Layer
 10
6.884300
 20
3.107911
 30
-0.357466
 11
7.186220
 21
5.229132
 31
-1.160082
 12
7.759736
 22
5.064440
 32
-0.903061
 13
7.759736
 23
5.064440
 33
-0.903061
  0
3DFACE
  8
Default_Layer
 10
7.759736
 20
5.064440
 30
-0.903061
 11
7.759737
 21
3.272604
 31
-0.225075
 12
6.884300
 22
3.107911
 32
-0.357466
 13
6.884300
 23
3.107911
 33
-0.357466
  0
3DFACE
  8
Default_Layer
 10
7.186220
 20
5.229132
 30
-1.160082
 11
7.186219
 21
5.229132
 31
1.749013
 12
7.759736
 22
5.064440
 32
1.554308
 13
7.759736
 23
5.064440
 33
1.554308
  0
3DFACE
  8
Default_Layer
 10
7.759736
 20
5.064440
 30
1.554308
 11
7.759736
 21
5.064440
 31
-0.903061
 12
7.186220
 22
5.229132
 32
-1.160082
 13
7.186220
 23
5.229132
 33
-1.160082
  0
3DFACE
  8
Default_Layer
 10
7.186219
 20
5.229132
 30
1.749013
 11
6.884299
 21
3.107912
 31
1.749013
 12
7.759736
 22
3.272604
 32
1.554308
 13
7.759736
 23
3.272604
 33
1.554308
  0
3DFACE
  8
Default_Layer
 10
7.759736
 20
3.272604
 30
1.554308
 11
7.759736
 21
5.064440
 31
1.554308
 12
7.186219
 22
5.229132
 32
1.749013
 13
7.186219
 23
5.229132
 33
1.749013
  0
3DFACE
  8
Default_Layer
 10
7.186220
 20
5.229132
 30
-1.160082
 11
6.884300
 21
3.107911
 31
-0.357466
 12
5.033911
 22
3.107912
 32
-0.357466
 13
5.033911
 23
3.107912
 33
-0.357466
  0
3DFACE
  8
Default_Layer
 10
7.186220
 20
5.229132
 30
-1.160082
 11
5.033911
 21
3.107912
 31
-0.357466
 12
4.731991
 22
5.229133
 32
-1.160082
 13
4.731991
 23
5.229133
 33
-1.160082
  0
3DFACE
  8
Default_Layer
 10
7.186220
 20
5.229132
 30
-1.160082
 11
4.731991
 21
5.229133
 31
-1.160082
 12
4.731991
 22
6.948626
 32
-1.810695
 13
4.731991
 23
6.948626
 33
-1.810695
  0
3DFACE
  8
Default_Layer
 10
7.186220
 20
6.948626
 30
-1.810694
 11
7.186220
 21
5.229132
 31
-1.160082
 12
4.731991
 22
6.948626
 32
-1.810695
 13
4.731991
 23
6.948626
 33
-1.810695
  0
3DFACE
  8
Default_Layer
 10
4.731992
 20
9.472886
 30
-2.765811
 11
7.186220
 21
9.472885
 31
-2.765810
 12
6.755245
 22
8.524765
 32
-3.608978
 13
6.755245
 23
8.524765
 33
-3.608978
  0
3DFACE
  8
Default_Layer
 10
6.755245
 20
8.524765
 30
-3.608978
 11
5.162967
 21
8.524766
 31
-3.608978
 12
4.731992
 22
9.472886
 32
-2.765811
 13
4.731992
 23
9.472886
 33
-2.765811
  0
3DFACE
  8
Default_Layer
 10
7.186220
 20
9.472885
 30
-2.765810
 11
7.186220
 21
6.948626
 31
-1.810694
 12
6.755245
 22
7.008790
 32
-2.787735
 13
6.755245
 23
7.008790
 33
-2.787735
  0
3DFACE
  8
Default_Layer
 10
6.755245
 20
7.008790
 30
-2.787735
 11
6.755245
 21
8.524765
 31
-3.608978
 12
7.186220
 22
9.472885
 32
-2.765810
 13
7.186220
 23
9.472885
 33
-2.765810
  0
3DFACE
  8
Default_Layer
 10
7.186220
 20
6.948626
 30
-1.810694
 11
4.731991
 21
6.948626
 31
-1.810695
 12
5.162967
 22
7.008790
 32
-2.787734
 13
5.162967
 23
7.008790
 33
-2.787734
  0
3DFACE
  8
Default_Layer
 10
5.162967
 20
7.008790
 30
-2.787734
 11
6.755245
 21
7.008790
 31
-2.787735
 12
7.186220
 22
6.948626
 32
-1.810694
 13
7.186220
 23
6.948626
 33
-1.810694
  0
3DFACE
  8
Default_Layer
 10
4.731991
 20
6.948626
 30
-1.810695
 11
4.731992
 21
9.472886
 31
-2.765811
 12
5.162967
 22
8.524766
 32
-3.608978
 13
5.162967
 23
8.524766
 33
-3.608978
  0
3DFACE
  8
Default_Layer
 10
5.162967
 20
8.524766
 30
-3.608978
 11
5.162967
 21
7.008790
 31
-2.787734
 12
4.731991
 22
6.948626
 32
-1.810695
 13
4.731991
 23
6.948626
 33
-1.810695
  0
3DFACE
  8
Default_Layer
 10
5.162967
 20
8.524766
 30
-3.608978
 11
6.755245
 21
8.524765
 31
-3.608978
 12
6.485384
 22
8.448430
 32
-3.136424
 13
6.485384
 23
8.448430
 33
-3.136424
  0
3DFACE
  8
Default_Layer
 10
6.485384
 20
8.448430
 30
-3.136424
 11
5.432828
 21
8.448429
 31
-3.136424
 12
5.162967
 22
8.524766
 32
-3.608978
 13
5.162967
 23
8.524766
 33
-3.608978
  0
3DFACE
  8
Default_Layer
 10
6.755245
 20
8.524765
 30
-3.608978
 11
6.755245
 21
7.008790
 31
-2.787735
 12
6.485384
 22
7.446315
 32
-2.593552
 13
6.485384
 23
7.446315
 33
-2.593552
  0
3DFACE
  8
Default_Layer
 10
6.485384
 20
7.446315
 30
-2.593552
 11
6.485384
 21
8.448430
 31
-3.136424
 12
6.755245
 22
8.524765
 32
-3.608978
 13
6.755245
 23
8.524765
 33
-3.608978
  0
3DFACE
  8
Default_Layer
 10
6.755245
 20
7.008790
 30
-2.787735
 11
5.162967
 21
7.008790
 31
-2.787734
 12
5.432828
 22
7.446314
 32
-2.593552
 13
5.432828
 23
7.446314
 33
-2.593552
  0
3DFACE
  8
Default_Layer
 10
5.432828
 20
7.446314
 30
-2.593552
 11
6.485384
 21
7.446315
 31
-2.593552
 12
6.755245
 22
7.008790
 32
-2.787735
 13
6.755245
 23
7.008790
 33
-2.787735
  0
3DFACE
  8
Default_Layer
 10
5.162967
 20
7.008790
 30
-2.787734
 11
5.162967
 21
8.524766
 31
-3.608978
 12
5.432828
 22
8.448429
 32
-3.136424
 13
5.432828
 23
8.448429
 33
-3.136424
  0
3DFACE
  8
Default_Layer
 10
5.432828
 20
8.448429
 30
-3.136424
 11
5.432828
 21
7.446314
 31
-2.593552
 12
5.162967
 22
7.008790
 32
-2.787734
 13
5.162967
 23
7.008790
 33
-2.787734
  0
3DFACE
  8
Default_Layer
 10
7.603055
 20
38.114067
 30
-3.437819
 11
7.603055
 21
39.475430
 31
-3.017070
 12
9.007226
 22
39.104195
 32
-2.726529
 13
9.007226
 23
39.104195
 33
-2.726529
  0
3DFACE
  8
Default_Layer
 10
9.007226
 20
39.104195
 30
-2.726529
 11
9.007226
 21
38.114067
 31
-3.073439
 12
7.603055
 22
38.114067
 32
-3.437819
 13
7.603055
 23
38.114067
 33
-3.437819
  0
3DFACE
  8
Default_Layer
 10
7.603055
 20
39.475430
 30
-3.017070
 11
7.603055
 21
39.475430
 31
0.294010
 12
9.007226
 22
39.104195
 32
0.003470
 13
9.007226
 23
39.104195
 33
0.003470
  0
3DFACE
  8
Default_Layer
 10
9.007226
 20
39.104195
 30
0.003470
 11
9.007226
 21
39.104195
 31
-2.726529
 12
7.603055
 22
39.475430
 32
-3.017070
 13
7.603055
 23
39.475430
 33
-3.017070
  0
3DFACE
  8
Default_Layer
 10
7.603055
 20
39.475430
 30
0.294010
 11
7.603055
 21
38.114067
 31
0.714758
 12
9.007225
 22
38.114067
 32
0.350379
 13
9.007225
 23
38.114067
 33
0.350379
  0
3DFACE
  8
Default_Layer
 10
9.007225
 20
38.114067
 30
0.350379
 11
9.007226
 21
39.104195
 31
0.003470
 12
7.603055
 22
39.475430
 32
0.294010
 13
7.603055
 23
39.475430
 33
0.294010
  0
3DFACE
  8
Default_Layer
 10
7.603055
 20
38.114067
 30
0.714758
 11
7.603055
 21
35.244713
 31
0.294009
 12
9.007225
 22
35.615952
 32
0.003469
 13
9.007225
 23
35.615952
 33
0.003469
  0
3DFACE
  8
Default_Layer
 10
9.007225
 20
35.615952
 30
0.003469
 11
9.007225
 21
38.114067
 31
0.350379
 12
7.603055
 22
38.114067
 32
0.714758
 13
7.603055
 23
38.114067
 33
0.714758
  0
3DFACE
  8
Default_Layer
 10
7.603055
 20
35.244713
 30
-3.017070
 11
7.603055
 21
38.114067
 31
-3.437819
 12
9.007226
 22
38.114067
 32
-3.073439
 13
9.007226
 23
38.114067
 33
-3.073439
  0
3DFACE
  8
Default_Layer
 10
9.007226
 20
38.114067
 30
-3.073439
 11
9.007225
 21
35.615952
 31
-2.726529
 12
7.603055
 22
35.244713
 32
-3.017070
 13
7.603055
 23
35.244713
 33
-3.017070
  0
3DFACE
  8
Default_Layer
 10
7.027669
 20
35.244713
 30
0.294009
 11
7.027669
 21
38.114067
 31
0.714758
 12
7.027670
 22
38.114067
 32
-3.437819
 13
7.027670
 23
38.114067
 33
-3.437819
  0
3DFACE
  8
Default_Layer
 10
7.027670
 20
38.114067
 30
-3.437819
 11
7.027669
 21
35.244713
 31
-3.017070
 12
7.027669
 22
35.244713
 32
0.294009
 13
7.027669
 23
35.244713
 33
0.294009
  0
3DFACE
  8
Default_Layer
 10
9.007226
 20
39.104195
 30
-2.726529
 11
9.007226
 21
39.104195
 31
0.003470
 12
9.007225
 22
38.114067
 32
0.350379
 13
9.007225
 23
38.114067
 33
0.350379
  0
3DFACE
  8
Default_Layer
 10
9.007225
 20
38.114067
 30
0.350379
 11
9.007226
 21
38.114067
 31
-3.073439
 12
9.007226
 22
39.104195
 32
-2.726529
 13
9.007226
 23
39.104195
 33
-2.726529
  0
3DFACE
  8
Default_Layer
 10
7.027669
 20
39.475430
 30
0.294009
 11
7.027670
 21
39.475430
 31
-3.017070
 12
7.027670
 22
38.114067
 32
-3.437819
 13
7.027670
 23
38.114067
 33
-3.437819
  0
3DFACE
  8
Default_Layer
 10
7.027670
 20
38.114067
 30
-3.437819
 11
7.027669
 21
38.114067
 31
0.714758
 12
7.027669
 22
39.475430
 32
0.294009
 13
7.027669
 23
39.475430
 33
0.294009
  0
3DFACE
  8
Default_Layer
 10
9.007225
 20
35.615952
 30
0.003469
 11
7.603055
 21
35.244713
 31
0.294009
 12
8.285685
 22
35.615952
 32
-0.182936
 13
8.285685
 23
35.615952
 33
-0.182936
  0
3DFACE
  8
Default_Layer
 10
8.285685
 20
35.615952
 30
-0.182936
 11
9.344382
 21
35.615974
 31
-0.182936
 12
9.007225
 22
35.615952
 32
0.003469
 13
9.007225
 23
35.615952
 33
0.003469
  0
3DFACE
  8
Default_Layer
 10
7.603055
 20
35.244713
 30
0.294009
 11
7.603055
 21
35.244713
 31
-3.017070
 12
8.285685
 22
35.615952
 32
-2.540119
 13
8.285685
 23
35.615952
 33
-2.540119
  0
3DFACE
  8
Default_Layer
 10
8.285685
 20
35.615952
 30
-2.540119
 11
8.285685
 21
35.615952
 31
-0.182936
 12
7.603055
 22
35.244713
 32
0.294009
 13
7.603055
 23
35.244713
 33
0.294009
  0
3DFACE
  8
Default_Layer
 10
7.603055
 20
35.244713
 30
-3.017070
 11
9.007225
 21
35.615952
 31
-2.726529
 12
9.344382
 22
35.615974
 32
-2.540118
 13
9.344382
 23
35.615974
 33
-2.540118
  0
3DFACE
  8
Default_Layer
 10
9.344382
 20
35.615974
 30
-2.540118
 11
8.285685
 21
35.615952
 31
-2.540119
 12
7.603055
 22
35.244713
 32
-3.017070
 13
7.603055
 23
35.244713
 33
-3.017070
  0
3DFACE
  8
Default_Layer
 10
9.007225
 20
35.615952
 30
-2.726529
 11
9.007226
 21
38.114067
 31
-3.073439
 12
9.342033
 22
37.981976
 32
-2.539980
 13
9.342033
 23
37.981976
 33
-2.539980
  0
3DFACE
  8
Default_Layer
 10
9.342033
 20
37.981976
 30
-2.539980
 11
9.344382
 21
35.615974
 31
-2.540118
 12
9.007225
 22
35.615952
 32
-2.726529
 13
9.007225
 23
35.615952
 33
-2.726529
  0
3DFACE
  8
Default_Layer
 10
9.007226
 20
38.114067
 30
-3.073439
 11
9.007225
 21
38.114067
 31
0.350379
 12
9.342033
 22
37.981976
 32
-0.183092
 13
9.342033
 23
37.981976
 33
-0.183092
  0
3DFACE
  8
Default_Layer
 10
9.342033
 20
37.981976
 30
-0.183092
 11
9.342033
 21
37.981976
 31
-2.539980
 12
9.007226
 22
38.114067
 32
-3.073439
 13
9.007226
 23
38.114067
 33
-3.073439
  0
3DFACE
  8
Default_Layer
 10
9.007225
 20
38.114067
 30
0.350379
 11
9.007225
 21
35.615952
 31
0.003469
 12
9.344382
 22
35.615974
 32
-0.182936
 13
9.344382
 23
35.615974
 33
-0.182936
  0
3DFACE
  8
Default_Layer
 10
9.344382
 20
35.615974
 30
-0.182936
 11
9.342033
 21
37.981976
 31
-0.183092
 12
9.007225
 22
38.114067
 32
0.350379
 13
9.007225
 23
38.114067
 33
0.350379
  0
3DFACE
  8
Default_Layer
 10
9.344382
 20
35.615974
 30
-0.182936
 11
8.285685
 21
35.615952
 31
-0.182936
 12
8.479040
 22
34.855728
 32
-0.182936
 13
8.479040
 23
34.855728
 33
-0.182936
  0
3DFACE
  8
Default_Layer
 10
8.285685
 20
35.615952
 30
-0.182936
 11
8.285685
 21
35.615952
 31
-2.540119
 12
8.479041
 22
34.855728
 32
-2.540119
 13
8.479041
 23
34.855728
 33
-2.540119
  0
3DFACE
  8
Default_Layer
 10
8.479041
 20
34.855728
 30
-2.540119
 11
8.479040
 21
34.855728
 31
-0.182936
 12
8.285685
 22
35.615952
 32
-0.182936
 13
8.285685
 23
35.615952
 33
-0.182936
  0
3DFACE
  8
Default_Layer
 10
8.285685
 20
35.615952
 30
-2.540119
 11
9.344382
 21
35.615974
 31
-2.540118
 12
8.479041
 22
34.855728
 32
-2.540119
 13
8.479041
 23
34.855728
 33
-2.540119
  0
3DFACE
  8
Default_Layer
 10
9.344382
 20
35.615974
 30
-2.540118
 11
9.342033
 21
37.981976
 31
-2.539980
 12
10.406754
 22
36.549294
 32
-2.539979
 13
10.406754
 23
36.549294
 33
-2.539979
  0
3DFACE
  8
Default_Layer
 10
9.342033
 20
37.981976
 30
-2.539980
 11
9.342033
 21
37.981976
 31
-0.183092
 12
10.406754
 22
36.549294
 32
-0.183092
 13
10.406754
 23
36.549294
 33
-0.183092
  0
3DFACE
  8
Default_Layer
 10
10.406754
 20
36.549294
 30
-0.183092
 11
10.406754
 21
36.549294
 31
-2.539979
 12
9.342033
 22
37.981976
 32
-2.539980
 13
9.342033
 23
37.981976
 33
-2.539980
  0
3DFACE
  8
Default_Layer
 10
9.342033
 20
37.981976
 30
-0.183092
 11
9.344382
 21
35.615974
 31
-0.182936
 12
10.406754
 22
36.549294
 32
-0.183092
 13
10.406754
 23
36.549294
 33
-0.183092
  0
3DFACE
  8
Default_Layer
 10
12.166376
 20
30.577589
 30
-1.059242
 11
12.166376
 21
30.577587
 31
-1.663818
 12
13.306095
 22
31.401443
 32
-1.663783
 13
13.306095
 23
31.401443
 33
-1.663783
  0
3DFACE
  8
Default_Layer
 10
13.306095
 20
31.401443
 30
-1.663783
 11
13.306096
 21
31.401443
 31
-1.059282
 12
12.166376
 22
30.577589
 32
-1.059242
 13
12.166376
 23
30.577589
 33
-1.059242
  0
3DFACE
  8
Default_Layer
 10
8.479040
 20
34.855728
 30
-0.182936
 11
8.479041
 21
34.855728
 31
-2.540119
 12
10.313327
 22
32.122574
 32
-2.540118
 13
10.313327
 23
32.122574
 33
-2.540118
  0
3DFACE
  8
Default_Layer
 10
10.313327
 20
32.122574
 30
-2.540118
 11
10.313328
 21
32.122578
 31
-0.182936
 12
8.479040
 22
34.855728
 32
-0.182936
 13
8.479040
 23
34.855728
 33
-0.182936
  0
3DFACE
  8
Default_Layer
 10
9.452495
 20
34.634663
 30
-2.859724
 11
10.422272
 21
35.338776
 31
-2.859658
 12
11.088419
 22
34.363663
 32
-2.859659
 13
11.088419
 23
34.363663
 33
-2.859659
  0
3DFACE
  8
Default_Layer
 10
11.088419
 20
34.363663
 30
-2.859659
 11
10.193390
 21
33.634956
 31
-2.859723
 12
9.452495
 22
34.634663
 32
-2.859724
 13
9.452495
 23
34.634663
 33
-2.859724
  0
3DFACE
  8
Default_Layer
 10
10.684221
 20
36.499367
 30
-2.358537
 11
10.684221
 21
36.499367
 31
-0.364534
 12
12.167797
 22
34.343597
 32
-0.364534
 13
12.167797
 23
34.343597
 33
-0.364534
  0
3DFACE
  8
Default_Layer
 10
12.167797
 20
34.343597
 30
-0.364534
 11
12.167797
 21
34.343597
 31
-2.358537
 12
10.684221
 22
36.499367
 32
-2.358537
 13
10.684221
 23
36.499367
 33
-2.358537
  0
3DFACE
  8
Default_Layer
 10
10.422274
 20
35.338779
 30
0.136592
 11
9.452496
 21
34.634666
 31
0.136664
 12
10.193392
 22
33.634956
 32
0.136665
 13
10.193392
 23
33.634956
 33
0.136665
  0
3DFACE
  8
Default_Layer
 10
10.193392
 20
33.634956
 30
0.136665
 11
11.088421
 21
34.363667
 31
0.136592
 12
10.422274
 22
35.338779
 32
0.136592
 13
10.422274
 23
35.338779
 33
0.136592
  0
3DFACE
  8
Default_Layer
 10
10.313328
 20
32.122578
 30
-0.182936
 11
10.313327
 21
32.122574
 31
-2.540118
 12
11.064763
 22
32.217720
 32
-2.540118
 13
11.064763
 23
32.217720
 33
-2.540118
  0
3DFACE
  8
Default_Layer
 10
11.064763
 20
32.217720
 30
-2.540118
 11
11.064763
 21
32.217724
 31
-0.182936
 12
10.313328
 22
32.122578
 32
-0.182936
 13
10.313328
 23
32.122578
 33
-0.182936
  0
3DFACE
  8
Default_Layer
 10
10.313327
 20
32.122574
 30
-2.540118
 11
12.005383
 21
34.225452
 31
-2.539980
 12
12.204483
 22
33.041576
 32
-2.539979
 13
12.204483
 23
33.041576
 33
-2.539979
  0
3DFACE
  8
Default_Layer
 10
12.204483
 20
33.041576
 30
-2.539979
 11
11.064763
 21
32.217720
 31
-2.540118
 12
10.313327
 22
32.122574
 32
-2.540118
 13
10.313327
 23
32.122574
 33
-2.540118
  0
3DFACE
  8
Default_Layer
 10
12.167797
 20
34.343597
 30
-2.358537
 11
12.167797
 21
34.343597
 31
-0.364534
 12
12.331648
 22
33.369331
 32
-0.364534
 13
12.331648
 23
33.369331
 33
-0.364534
  0
3DFACE
  8
Default_Layer
 10
12.331648
 20
33.369331
 30
-0.364534
 11
12.331646
 21
33.369331
 31
-2.358537
 12
12.167797
 22
34.343597
 32
-2.358537
 13
12.167797
 23
34.343597
 33
-2.358537
  0
3DFACE
  8
Default_Layer
 10
12.005383
 20
34.225452
 30
-0.183092
 11
10.313328
 21
32.122578
 31
-0.182936
 12
11.064763
 22
32.217724
 32
-0.182936
 13
11.064763
 23
32.217724
 33
-0.182936
  0
3DFACE
  8
Default_Layer
 10
11.064763
 20
32.217724
 30
-0.182936
 11
12.204485
 21
33.041576
 31
-0.183092
 12
12.005383
 22
34.225452
 32
-0.183092
 13
12.005383
 23
34.225452
 33
-0.183092
  0
3DFACE
  8
Default_Layer
 10
11.064763
 20
32.217724
 30
-0.182936
 11
11.064763
 21
32.217720
 31
-2.540118
 12
11.515423
 22
31.546757
 32
-2.540118
 13
11.515423
 23
31.546757
 33
-2.540118
  0
3DFACE
  8
Default_Layer
 10
11.515423
 20
31.546757
 30
-2.540118
 11
11.515423
 21
31.546759
 31
-0.182936
 12
11.064763
 22
32.217724
 32
-0.182936
 13
11.064763
 23
32.217724
 33
-0.182936
  0
3DFACE
  8
Default_Layer
 10
11.064763
 20
32.217720
 30
-2.540118
 11
12.204483
 21
33.041576
 31
-2.539979
 12
12.655142
 22
32.370613
 32
-2.539979
 13
12.655142
 23
32.370613
 33
-2.539979
  0
3DFACE
  8
Default_Layer
 10
12.655142
 20
32.370613
 30
-2.539979
 11
11.515423
 21
31.546757
 31
-2.540118
 12
11.064763
 22
32.217720
 32
-2.540118
 13
11.064763
 23
32.217720
 33
-2.540118
  0
3DFACE
  8
Default_Layer
 10
12.204483
 20
33.041576
 30
-2.539979
 11
12.204485
 21
33.041576
 31
-0.183092
 12
12.655144
 22
32.370613
 32
-0.183092
 13
12.655144
 23
32.370613
 33
-0.183092
  0
3DFACE
  8
Default_Layer
 10
12.655144
 20
32.370613
 30
-0.183092
 11
12.655142
 21
32.370613
 31
-2.539979
 12
12.204483
 22
33.041576
 32
-2.539979
 13
12.204483
 23
33.041576
 33
-2.539979
  0
3DFACE
  8
Default_Layer
 10
12.204485
 20
33.041576
 30
-0.183092
 11
11.064763
 21
32.217724
 31
-0.182936
 12
11.515423
 22
31.546759
 32
-0.182936
 13
11.515423
 23
31.546759
 33
-0.182936
  0
3DFACE
  8
Default_Layer
 10
11.515423
 20
31.546759
 30
-0.182936
 11
12.655144
 21
32.370613
 31
-0.183092
 12
12.204485
 22
33.041576
 32
-0.183092
 13
12.204485
 23
33.041576
 33
-0.183092
  0
3DFACE
  8
Default_Layer
 10
11.515423
 20
31.546759
 30
-0.182936
 11
11.515423
 21
31.546757
 31
-2.540118
 12
11.966083
 22
30.875793
 32
-2.259492
 13
11.966083
 23
30.875793
 33
-2.259492
  0
3DFACE
  8
Default_Layer
 10
11.966083
 20
30.875793
 30
-2.259492
 11
11.966084
 21
30.875795
 31
-0.463563
 12
11.515423
 22
31.546759
 32
-0.182936
 13
11.515423
 23
31.546759
 33
-0.182936
  0
3DFACE
  8
Default_Layer
 10
11.515423
 20
31.546757
 30
-2.540118
 11
12.655142
 21
32.370613
 31
-2.539979
 12
13.105803
 22
31.699648
 32
-2.259387
 13
13.105803
 23
31.699648
 33
-2.259387
  0
3DFACE
  8
Default_Layer
 10
13.105803
 20
31.699648
 30
-2.259387
 11
11.966083
 21
30.875793
 31
-2.259492
 12
11.515423
 22
31.546757
 32
-2.540118
 13
11.515423
 23
31.546757
 33
-2.540118
  0
3DFACE
  8
Default_Layer
 10
12.655142
 20
32.370613
 30
-2.539979
 11
12.655144
 21
32.370613
 31
-0.183092
 12
13.105803
 22
31.699650
 32
-0.463682
 13
13.105803
 23
31.699650
 33
-0.463682
  0
3DFACE
  8
Default_Layer
 10
13.105803
 20
31.699650
 30
-0.463682
 11
13.105803
 21
31.699648
 31
-2.259387
 12
12.655142
 22
32.370613
 32
-2.539979
 13
12.655142
 23
32.370613
 33
-2.539979
  0
3DFACE
  8
Default_Layer
 10
12.655144
 20
32.370613
 30
-0.183092
 11
11.515423
 21
31.546759
 31
-0.182936
 12
11.966084
 22
30.875795
 32
-0.463563
 13
11.966084
 23
30.875795
 33
-0.463563
  0
3DFACE
  8
Default_Layer
 10
11.966084
 20
30.875795
 30
-0.463563
 11
13.105803
 21
31.699650
 31
-0.463682
 12
12.655144
 22
32.370613
 32
-0.183092
 13
12.655144
 23
32.370613
 33
-0.183092
  0
3DFACE
  8
Default_Layer
 10
11.966084
 20
30.875795
 30
-0.463563
 11
11.966083
 21
30.875793
 31
-2.259492
 12
12.166376
 22
30.577587
 32
-1.663818
 13
12.166376
 23
30.577587
 33
-1.663818
  0
3DFACE
  8
Default_Layer
 10
12.166376
 20
30.577587
 30
-1.663818
 11
12.166376
 21
30.577589
 31
-1.059242
 12
11.966084
 22
30.875795
 32
-0.463563
 13
11.966084
 23
30.875795
 33
-0.463563
  0
3DFACE
  8
Default_Layer
 10
11.966083
 20
30.875793
 30
-2.259492
 11
13.105803
 21
31.699648
 31
-2.259387
 12
13.306095
 22
31.401443
 32
-1.663783
 13
13.306095
 23
31.401443
 33
-1.663783
  0
3DFACE
  8
Default_Layer
 10
13.306095
 20
31.401443
 30
-1.663783
 11
12.166376
 21
30.577587
 31
-1.663818
 12
11.966083
 22
30.875793
 32
-2.259492
 13
11.966083
 23
30.875793
 33
-2.259492
  0
3DFACE
  8
Default_Layer
 10
13.105803
 20
31.699648
 30
-2.259387
 11
13.105803
 21
31.699650
 31
-0.463682
 12
13.306096
 22
31.401443
 32
-1.059282
 13
13.306096
 23
31.401443
 33
-1.059282
  0
3DFACE
  8
Default_Layer
 10
13.306096
 20
31.401443
 30
-1.059282
 11
13.306095
 21
31.401443
 31
-1.663783
 12
13.105803
 22
31.699648
 32
-2.259387
 13
13.105803
 23
31.699648
 33
-2.259387
  0
3DFACE
  8
Default_Layer
 10
13.105803
 20
31.699650
 30
-0.463682
 11
11.966084
 21
30.875795
 31
-0.463563
 12
12.166376
 22
30.577589
 32
-1.059242
 13
12.166376
 23
30.577589
 33
-1.059242
  0
3DFACE
  8
Default_Layer
 10
12.166376
 20
30.577589
 30
-1.059242
 11
13.306096
 21
31.401443
 31
-1.059282
 12
13.105803
 22
31.699650
 32
-0.463682
 13
13.105803
 23
31.699650
 33
-0.463682
  0
3DFACE
  8
Default_Layer
 10
10.406754
 20
36.549294
 30
-2.539979
 11
10.406754
 21
36.549294
 31
-0.183092
 12
10.521806
 22
36.381226
 32
-0.364534
 13
10.521806
 23
36.381226
 33
-0.364534
  0
3DFACE
  8
Default_Layer
 10
10.521806
 20
36.381226
 30
-0.364534
 11
10.521807
 21
36.381226
 31
-2.358537
 12
10.406754
 22
36.549294
 32
-2.539979
 13
10.406754
 23
36.549294
 33
-2.539979
  0
3DFACE
  8
Default_Layer
 10
10.406754
 20
36.549294
 30
-0.183092
 11
12.005383
 21
34.225452
 31
-0.183092
 12
12.005383
 22
34.225452
 32
-0.364534
 13
12.005383
 23
34.225452
 33
-0.364534
  0
3DFACE
  8
Default_Layer
 10
12.005383
 20
34.225452
 30
-0.364534
 11
10.521806
 21
36.381226
 31
-0.364534
 12
10.406754
 22
36.549294
 32
-0.183092
 13
10.406754
 23
36.549294
 33
-0.183092
  0
3DFACE
  8
Default_Layer
 10
12.005383
 20
34.225452
 30
-0.183092
 11
12.204485
 21
33.041576
 31
-0.183092
 12
12.169232
 22
33.251186
 32
-0.364534
 13
12.169232
 23
33.251186
 33
-0.364534
  0
3DFACE
  8
Default_Layer
 10
12.169232
 20
33.251186
 30
-0.364534
 11
12.005383
 21
34.225452
 31
-0.364534
 12
12.005383
 22
34.225452
 32
-0.183092
 13
12.005383
 23
34.225452
 33
-0.183092
  0
3DFACE
  8
Default_Layer
 10
12.204485
 20
33.041576
 30
-0.183092
 11
12.204483
 21
33.041576
 31
-2.539979
 12
12.169231
 22
33.251186
 32
-2.358537
 13
12.169231
 23
33.251186
 33
-2.358537
  0
3DFACE
  8
Default_Layer
 10
12.169231
 20
33.251186
 30
-2.358537
 11
12.169232
 21
33.251186
 31
-0.364534
 12
12.204485
 22
33.041576
 32
-0.183092
 13
12.204485
 23
33.041576
 33
-0.183092
  0
3DFACE
  8
Default_Layer
 10
12.204483
 20
33.041576
 30
-2.539979
 11
12.005383
 21
34.225452
 31
-2.539980
 12
12.005383
 22
34.225452
 32
-2.358537
 13
12.005383
 23
34.225452
 33
-2.358537
  0
3DFACE
  8
Default_Layer
 10
12.005383
 20
34.225452
 30
-2.358537
 11
12.169231
 21
33.251186
 31
-2.358537
 12
12.204483
 22
33.041576
 32
-2.539979
 13
12.204483
 23
33.041576
 33
-2.539979
  0
3DFACE
  8
Default_Layer
 10
12.005383
 20
34.225452
 30
-2.539980
 11
10.406754
 21
36.549294
 31
-2.539979
 12
10.521807
 22
36.381226
 32
-2.358537
 13
10.521807
 23
36.381226
 33
-2.358537
  0
3DFACE
  8
Default_Layer
 10
10.521807
 20
36.381226
 30
-2.358537
 11
12.005383
 21
34.225452
 31
-2.358537
 12
12.005383
 22
34.225452
 32
-2.539980
 13
12.005383
 23
34.225452
 33
-2.539980
  0
3DFACE
  8
Default_Layer
 10
10.521807
 20
36.381226
 30
-2.358537
 11
10.521806
 21
36.381226
 31
-0.364534
 12
10.684221
 22
36.499367
 32
-0.364534
 13
10.684221
 23
36.499367
 33
-0.364534
  0
3DFACE
  8
Default_Layer
 10
10.684221
 20
36.499367
 30
-0.364534
 11
10.684221
 21
36.499367
 31
-2.358537
 12
10.521807
 22
36.381226
 32
-2.358537
 13
10.521807
 23
36.381226
 33
-2.358537
  0
3DFACE
  8
Default_Layer
 10
10.521806
 20
36.381226
 30
-0.364534
 11
12.005383
 21
34.225452
 31
-0.364534
 12
12.167797
 22
34.343597
 32
-0.364534
 13
12.167797
 23
34.343597
 33
-0.364534
  0
3DFACE
  8
Default_Layer
 10
12.167797
 20
34.343597
 30
-0.364534
 11
10.684221
 21
36.499367
 31
-0.364534
 12
10.521806
 22
36.381226
 32
-0.364534
 13
10.521806
 23
36.381226
 33
-0.364534
  0
3DFACE
  8
Default_Layer
 10
12.005383
 20
34.225452
 30
-0.364534
 11
12.169232
 21
33.251186
 31
-0.364534
 12
12.331648
 22
33.369331
 32
-0.364534
 13
12.331648
 23
33.369331
 33
-0.364534
  0
3DFACE
  8
Default_Layer
 10
12.331648
 20
33.369331
 30
-0.364534
 11
12.167797
 21
34.343597
 31
-0.364534
 12
12.005383
 22
34.225452
 32
-0.364534
 13
12.005383
 23
34.225452
 33
-0.364534
  0
3DFACE
  8
Default_Layer
 10
12.169232
 20
33.251186
 30
-0.364534
 11
12.169231
 21
33.251186
 31
-2.358537
 12
12.331646
 22
33.369331
 32
-2.358537
 13
12.331646
 23
33.369331
 33
-2.358537
  0
3DFACE
  8
Default_Layer
 10
12.331646
 20
33.369331
 30
-2.358537
 11
12.331648
 21
33.369331
 31
-0.364534
 12
12.169232
 22
33.251186
 32
-0.364534
 13
12.169232
 23
33.251186
 33
-0.364534
  0
3DFACE
  8
Default_Layer
 10
12.169231
 20
33.251186
 30
-2.358537
 11
12.005383
 21
34.225452
 31
-2.358537
 12
12.167797
 22
34.343597
 32
-2.358537
 13
12.167797
 23
34.343597
 33
-2.358537
  0
3DFACE
  8
Default_Layer
 10
12.167797
 20
34.343597
 30
-2.358537
 11
12.331646
 21
33.369331
 31
-2.358537
 12
12.169231
 22
33.251186
 32
-2.358537
 13
12.169231
 23
33.251186
 33
-2.358537
  0
3DFACE
  8
Default_Layer
 10
12.005383
 20
34.225452
 30
-2.358537
 11
10.521807
 21
36.381226
 31
-2.358537
 12
10.684221
 22
36.499367
 32
-2.358537
 13
10.684221
 23
36.499367
 33
-2.358537
  0
3DFACE
  8
Default_Layer
 10
10.684221
 20
36.499367
 30
-2.358537
 11
12.167797
 21
34.343597
 31
-2.358537
 12
12.005383
 22
34.225452
 32
-2.358537
 13
12.005383
 23
34.225452
 33
-2.358537
  0
3DFACE
  8
Default_Layer
 10
7.603055
 20
39.475430
 30
-3.017070
 11
7.603055
 21
38.114067
 31
-3.437819
 12
7.027670
 22
38.114067
 32
-3.437819
 13
7.027670
 23
38.114067
 33
-3.437819
  0
3DFACE
  8
Default_Layer
 10
7.027670
 20
38.114067
 30
-3.437819
 11
7.027670
 21
39.475430
 31
-3.017070
 12
7.603055
 22
39.475430
 32
-3.017070
 13
7.603055
 23
39.475430
 33
-3.017070
  0
3DFACE
  8
Default_Layer
 10
7.603055
 20
38.114067
 30
-3.437819
 11
7.603055
 21
35.244713
 31
-3.017070
 12
7.027669
 22
35.244713
 32
-3.017070
 13
7.027669
 23
35.244713
 33
-3.017070
  0
3DFACE
  8
Default_Layer
 10
7.027669
 20
35.244713
 30
-3.017070
 11
7.027670
 21
38.114067
 31
-3.437819
 12
7.603055
 22
38.114067
 32
-3.437819
 13
7.603055
 23
38.114067
 33
-3.437819
  0
3DFACE
  8
Default_Layer
 10
7.603055
 20
35.244713
 30
-3.017070
 11
7.603055
 21
35.244713
 31
0.294009
 12
7.027669
 22
35.244713
 32
0.294009
 13
7.027669
 23
35.244713
 33
0.294009
  0
3DFACE
  8
Default_Layer
 10
7.027669
 20
35.244713
 30
0.294009
 11
7.027669
 21
35.244713
 31
-3.017070
 12
7.603055
 22
35.244713
 32
-3.017070
 13
7.603055
 23
35.244713
 33
-3.017070
  0
3DFACE
  8
Default_Layer
 10
7.603055
 20
35.244713
 30
0.294009
 11
7.603055
 21
38.114067
 31
0.714758
 12
7.027669
 22
38.114067
 32
0.714758
 13
7.027669
 23
38.114067
 33
0.714758
  0
3DFACE
  8
Default_Layer
 10
7.027669
 20
38.114067
 30
0.714758
 11
7.027669
 21
35.244713
 31
0.294009
 12
7.603055
 22
35.244713
 32
0.294009
 13
7.603055
 23
35.244713
 33
0.294009
  0
3DFACE
  8
Default_Layer
 10
7.603055
 20
38.114067
 30
0.714758
 11
7.603055
 21
39.475430
 31
0.294010
 12
7.027669
 22
39.475430
 32
0.294009
 13
7.027669
 23
39.475430
 33
0.294009
  0
3DFACE
  8
Default_Layer
 10
7.027669
 20
39.475430
 30
0.294009
 11
7.027669
 21
38.114067
 31
0.714758
 12
7.603055
 22
38.114067
 32
0.714758
 13
7.603055
 23
38.114067
 33
0.714758
  0
3DFACE
  8
Default_Layer
 10
7.603055
 20
39.475430
 30
0.294010
 11
7.603055
 21
39.475430
 31
-3.017070
 12
7.027670
 22
39.475430
 32
-3.017070
 13
7.027670
 23
39.475430
 33
-3.017070
  0
3DFACE
  8
Default_Layer
 10
7.027670
 20
39.475430
 30
-3.017070
 11
7.027669
 21
39.475430
 31
0.294009
 12
7.603055
 22
39.475430
 32
0.294010
 13
7.603055
 23
39.475430
 33
0.294010
  0
3DFACE
  8
Default_Layer
 10
8.479041
 20
34.855728
 30
-2.540119
 11
10.406754
 21
36.549294
 31
-2.539979
 12
10.395349
 22
35.590584
 32
-2.540010
 13
10.395349
 23
35.590584
 33
-2.540010
  0
3DFACE
  8
Default_Layer
 10
10.395349
 20
35.590584
 30
-2.540010
 11
9.228538
 21
34.743412
 31
-2.540089
 12
8.479041
 22
34.855728
 32
-2.540119
 13
8.479041
 23
34.855728
 33
-2.540119
  0
3DFACE
  8
Default_Layer
 10
10.406754
 20
36.549294
 30
-2.539979
 11
12.005383
 21
34.225452
 31
-2.539980
 12
11.304752
 22
34.257385
 32
-2.540010
 13
11.304752
 23
34.257385
 33
-2.540010
  0
3DFACE
  8
Default_Layer
 10
11.304752
 20
34.257385
 30
-2.540010
 11
10.395349
 21
35.590584
 31
-2.540010
 12
10.406754
 22
36.549294
 32
-2.539979
 13
10.406754
 23
36.549294
 33
-2.539979
  0
3DFACE
  8
Default_Layer
 10
12.005383
 20
34.225452
 30
-2.539980
 11
10.313327
 21
32.122574
 31
-2.540118
 12
10.227875
 22
33.380623
 32
-2.540088
 13
10.227875
 23
33.380623
 33
-2.540088
  0
3DFACE
  8
Default_Layer
 10
10.227875
 20
33.380623
 30
-2.540088
 11
11.304752
 21
34.257385
 31
-2.540010
 12
12.005383
 22
34.225452
 32
-2.539980
 13
12.005383
 23
34.225452
 33
-2.539980
  0
3DFACE
  8
Default_Layer
 10
10.313327
 20
32.122574
 30
-2.540118
 11
8.479041
 21
34.855728
 31
-2.540119
 12
9.228538
 22
34.743412
 32
-2.540089
 13
9.228538
 23
34.743412
 33
-2.540089
  0
3DFACE
  8
Default_Layer
 10
9.228538
 20
34.743412
 30
-2.540089
 11
10.227875
 21
33.380623
 31
-2.540088
 12
10.313327
 22
32.122574
 32
-2.540118
 13
10.313327
 23
32.122574
 33
-2.540118
  0
3DFACE
  8
Default_Layer
 10
10.406754
 20
36.549294
 30
-0.183092
 11
8.479040
 21
34.855728
 31
-0.182936
 12
9.228537
 22
34.743412
 32
-0.182970
 13
9.228537
 23
34.743412
 33
-0.182970
  0
3DFACE
  8
Default_Layer
 10
9.228537
 20
34.743412
 30
-0.182970
 11
10.395349
 21
35.590584
 31
-0.183058
 12
10.406754
 22
36.549294
 32
-0.183092
 13
10.406754
 23
36.549294
 33
-0.183092
  0
3DFACE
  8
Default_Layer
 10
8.479040
 20
34.855728
 30
-0.182936
 11
10.313328
 21
32.122578
 31
-0.182936
 12
10.227876
 22
33.380623
 32
-0.182970
 13
10.227876
 23
33.380623
 33
-0.182970
  0
3DFACE
  8
Default_Layer
 10
10.227876
 20
33.380623
 30
-0.182970
 11
9.228537
 21
34.743412
 31
-0.182970
 12
8.479040
 22
34.855728
 32
-0.182936
 13
8.479040
 23
34.855728
 33
-0.182936
  0
3DFACE
  8
Default_Layer
 10
10.313328
 20
32.122578
 30
-0.182936
 11
12.005383
 21
34.225452
 31
-0.183092
 12
11.304752
 22
34.257385
 32
-0.183057
 13
11.304752
 23
34.257385
 33
-0.183057
  0
3DFACE
  8
Default_Layer
 10
11.304752
 20
34.257385
 30
-0.183057
 11
10.227876
 21
33.380623
 31
-0.182970
 12
10.313328
 22
32.122578
 32
-0.182936
 13
10.313328
 23
32.122578
 33
-0.182936
  0
3DFACE
  8
Default_Layer
 10
12.005383
 20
34.225452
 30
-0.183092
 11
10.406754
 21
36.549294
 31
-0.183092
 12
10.395349
 22
35.590584
 32
-0.183058
 13
10.395349
 23
35.590584
 33
-0.183058
  0
3DFACE
  8
Default_Layer
 10
10.395349
 20
35.590584
 30
-0.183058
 11
11.304752
 21
34.257385
 31
-0.183057
 12
12.005383
 22
34.225452
 32
-0.183092
 13
12.005383
 23
34.225452
 33
-0.183092
  0
3DFACE
  8
Default_Layer
 10
9.228538
 20
34.743412
 30
-2.540089
 11
10.395349
 21
35.590584
 31
-2.540010
 12
10.422272
 22
35.338776
 32
-2.859658
 13
10.422272
 23
35.338776
 33
-2.859658
  0
3DFACE
  8
Default_Layer
 10
10.422272
 20
35.338776
 30
-2.859658
 11
9.452495
 21
34.634663
 31
-2.859724
 12
9.228538
 22
34.743412
 32
-2.540089
 13
9.228538
 23
34.743412
 33
-2.540089
  0
3DFACE
  8
Default_Layer
 10
10.395349
 20
35.590584
 30
-2.540010
 11
11.304752
 21
34.257385
 31
-2.540010
 12
11.088419
 22
34.363663
 32
-2.859659
 13
11.088419
 23
34.363663
 33
-2.859659
  0
3DFACE
  8
Default_Layer
 10
11.088419
 20
34.363663
 30
-2.859659
 11
10.422272
 21
35.338776
 31
-2.859658
 12
10.395349
 22
35.590584
 32
-2.540010
 13
10.395349
 23
35.590584
 33
-2.540010
  0
3DFACE
  8
Default_Layer
 10
11.304752
 20
34.257385
 30
-2.540010
 11
10.227875
 21
33.380623
 31
-2.540088
 12
10.193390
 22
33.634956
 32
-2.859723
 13
10.193390
 23
33.634956
 33
-2.859723
  0
3DFACE
  8
Default_Layer
 10
10.193390
 20
33.634956
 30
-2.859723
 11
11.088419
 21
34.363663
 31
-2.859659
 12
11.304752
 22
34.257385
 32
-2.540010
 13
11.304752
 23
34.257385
 33
-2.540010
  0
3DFACE
  8
Default_Layer
 10
10.227875
 20
33.380623
 30
-2.540088
 11
9.228538
 21
34.743412
 31
-2.540089
 12
9.452495
 22
34.634663
 32
-2.859724
 13
9.452495
 23
34.634663
 33
-2.859724
  0
3DFACE
  8
Default_Layer
 10
9.452495
 20
34.634663
 30
-2.859724
 11
10.193390
 21
33.634956
 31
-2.859723
 12
10.227875
 22
33.380623
 32
-2.540088
 13
10.227875
 23
33.380623
 33
-2.540088
  0
3DFACE
  8
Default_Layer
 10
10.395349
 20
35.590584
 30
-0.183058
 11
9.228537
 21
34.743412
 31
-0.182970
 12
9.452496
 22
34.634666
 32
0.136664
 13
9.452496
 23
34.634666
 33
0.136664
  0
3DFACE
  8
Default_Layer
 10
9.452496
 20
34.634666
 30
0.136664
 11
10.422274
 21
35.338779
 31
0.136592
 12
10.395349
 22
35.590584
 32
-0.183058
 13
10.395349
 23
35.590584
 33
-0.183058
  0
3DFACE
  8
Default_Layer
 10
9.228537
 20
34.743412
 30
-0.182970
 11
10.227876
 21
33.380623
 31
-0.182970
 12
10.193392
 22
33.634956
 32
0.136665
 13
10.193392
 23
33.634956
 33
0.136665
  0
3DFACE
  8
Default_Layer
 10
10.193392
 20
33.634956
 30
0.136665
 11
9.452496
 21
34.634666
 31
0.136664
 12
9.228537
 22
34.743412
 32
-0.182970
 13
9.228537
 23
34.743412
 33
-0.182970
  0
3DFACE
  8
Default_Layer
 10
10.227876
 20
33.380623
 30
-0.182970
 11
11.304752
 21
34.257385
 31
-0.183057
 12
11.088421
 22
34.363667
 32
0.136592
 13
11.088421
 23
34.363667
 33
0.136592
  0
3DFACE
  8
Default_Layer
 10
11.088421
 20
34.363667
 30
0.136592
 11
10.193392
 21
33.634956
 31
0.136665
 12
10.227876
 22
33.380623
 32
-0.182970
 13
10.227876
 23
33.380623
 33
-0.182970
  0
3DFACE
  8
Default_Layer
 10
11.304752
 20
34.257385
 30
-0.183057
 11
10.395349
 21
35.590584
 31
-0.183058
 12
10.422274
 22
35.338779
 32
0.136592
 13
10.422274
 23
35.338779
 33
0.136592
  0
3DFACE
  8
Default_Layer
 10
10.422274
 20
35.338779
 30
0.136592
 11
11.088421
 21
34.363667
 31
0.136592
 12
11.304752
 22
34.257385
 32
-0.183057
 13
11.304752
 23
34.257385
 33
-0.183057
  0
3DFACE
  8
Default_Layer
 10
4.228785
 20
24.016764
 30
2.136241
 11
4.228785
 21
26.646925
 31
2.136242
 12
4.228786
 22
26.646925
 32
-1.671167
 13
4.228786
 23
26.646925
 33
-1.671167
  0
3DFACE
  8
Default_Layer
 10
4.228786
 20
26.646925
 30
-1.671167
 11
4.228785
 21
24.016764
 31
-2.160182
 12
4.228785
 22
24.016764
 32
2.136241
 13
4.228785
 23
24.016764
 33
2.136241
  0
3DFACE
  8
Default_Layer
 10
7.701726
 20
24.016764
 30
2.136242
 11
7.701726
 21
24.016764
 31
-2.160181
 12
7.701727
 22
26.646925
 32
-1.671167
 13
7.701727
 23
26.646925
 33
-1.671167
  0
3DFACE
  8
Default_Layer
 10
7.701727
 20
26.646925
 30
-1.671167
 11
7.701726
 21
26.646925
 31
2.136242
 12
7.701726
 22
24.016764
 32
2.136242
 13
7.701726
 23
24.016764
 33
2.136242
  0
3DFACE
  8
Default_Layer
 10
4.228783
 20
13.261488
 30
2.782347
 11
7.701724
 21
13.261487
 31
2.782347
 12
7.027251
 22
13.261488
 32
4.349044
 13
7.027251
 23
13.261488
 33
4.349044
  0
3DFACE
  8
Default_Layer
 10
7.027251
 20
13.261488
 30
4.349044
 11
4.903255
 21
13.261488
 31
4.349043
 12
4.228783
 22
13.261488
 32
2.782347
 13
4.228783
 23
13.261488
 33
2.782347
  0
3DFACE
  8
Default_Layer
 10
4.228785
 20
24.016764
 30
-2.160182
 11
4.228786
 21
26.646925
 31
-1.671167
 12
7.701727
 22
26.646925
 32
-1.671167
 13
7.701727
 23
26.646925
 33
-1.671167
  0
3DFACE
  8
Default_Layer
 10
7.701727
 20
26.646925
 30
-1.671167
 11
7.701726
 21
24.016764
 31
-2.160181
 12
4.228785
 22
24.016764
 32
-2.160182
 13
4.228785
 23
24.016764
 33
-2.160182
  0
3DFACE
  8
Default_Layer
 10
5.123969
 20
28.074028
 30
-1.408579
 11
5.123969
 21
28.074028
 31
0.098884
 12
6.806543
 22
28.074028
 32
0.098885
 13
6.806543
 23
28.074028
 33
0.098885
  0
3DFACE
  8
Default_Layer
 10
6.806543
 20
28.074028
 30
0.098885
 11
6.806543
 21
28.074028
 31
-1.408578
 12
5.123969
 22
28.074028
 32
-1.408579
 13
5.123969
 23
28.074028
 33
-1.408579
  0
3DFACE
  8
Default_Layer
 10
4.228785
 20
26.646925
 30
2.136242
 11
4.228785
 21
24.016764
 31
2.136241
 12
7.701726
 22
24.016764
 32
2.136242
 13
7.701726
 23
24.016764
 33
2.136242
  0
3DFACE
  8
Default_Layer
 10
7.701726
 20
24.016764
 30
2.136242
 11
7.701726
 21
26.646925
 31
2.136242
 12
4.228785
 22
26.646925
 32
2.136242
 13
4.228785
 23
26.646925
 33
2.136242
  0
3DFACE
  8
Default_Layer
 10
4.228786
 20
26.646925
 30
-1.671167
 11
4.228785
 21
26.646925
 31
2.136242
 12
4.228785
 22
27.604580
 32
0.058506
 13
4.228785
 23
27.604580
 33
0.058506
  0
3DFACE
  8
Default_Layer
 10
4.228785
 20
27.604580
 30
0.058506
 11
4.228786
 21
27.604580
 31
-1.494880
 12
4.228786
 22
26.646925
 32
-1.671167
 13
4.228786
 23
26.646925
 33
-1.671167
  0
3DFACE
  8
Default_Layer
 10
5.123969
 20
27.116375
 30
2.138536
 11
6.806542
 21
27.116375
 31
2.138537
 12
6.806543
 22
28.074028
 32
0.098885
 13
6.806543
 23
28.074028
 33
0.098885
  0
3DFACE
  8
Default_Layer
 10
6.806543
 20
28.074028
 30
0.098885
 11
5.123969
 21
28.074028
 31
0.098884
 12
5.123969
 22
27.116375
 32
2.138536
 13
5.123969
 23
27.116375
 33
2.138536
  0
3DFACE
  8
Default_Layer
 10
7.701726
 20
26.646925
 30
2.136242
 11
7.701727
 21
26.646925
 31
-1.671167
 12
7.701727
 22
27.604578
 32
-1.494879
 13
7.701727
 23
27.604578
 33
-1.494879
  0
3DFACE
  8
Default_Layer
 10
7.701727
 20
27.604578
 30
-1.494879
 11
7.701726
 21
27.604578
 31
0.058506
 12
7.701726
 22
26.646925
 32
2.136242
 13
7.701726
 23
26.646925
 33
2.136242
  0
3DFACE
  8
Default_Layer
 10
7.701727
 20
26.646925
 30
-1.671167
 11
4.228786
 21
26.646925
 31
-1.671167
 12
4.228786
 22
27.604580
 32
-1.494880
 13
4.228786
 23
27.604580
 33
-1.494880
  0
3DFACE
  8
Default_Layer
 10
4.228786
 20
27.604580
 30
-1.494880
 11
7.701727
 21
27.604578
 31
-1.494879
 12
7.701727
 22
26.646925
 32
-1.671167
 13
7.701727
 23
26.646925
 33
-1.671167
  0
3DFACE
  8
Default_Layer
 10
4.228785
 20
24.016764
 30
2.136241
 11
4.228785
 21
24.016764
 31
-2.160182
 12
4.228784
 22
17.314405
 32
-1.137822
 13
4.228784
 23
17.314405
 33
-1.137822
  0
3DFACE
  8
Default_Layer
 10
4.228784
 20
17.314405
 30
-1.137822
 11
4.228784
 21
17.314405
 31
2.782347
 12
4.228785
 22
24.016764
 32
2.136241
 13
4.228785
 23
24.016764
 33
2.136241
  0
3DFACE
  8
Default_Layer
 10
4.228785
 20
24.016764
 30
-2.160182
 11
7.701726
 21
24.016764
 31
-2.160181
 12
7.701726
 22
17.314404
 32
-1.137822
 13
7.701726
 23
17.314404
 33
-1.137822
  0
3DFACE
  8
Default_Layer
 10
7.701726
 20
17.314404
 30
-1.137822
 11
4.228784
 21
17.314405
 31
-1.137822
 12
4.228785
 22
24.016764
 32
-2.160182
 13
4.228785
 23
24.016764
 33
-2.160182
  0
3DFACE
  8
Default_Layer
 10
8.187228
 20
23.211763
 30
-0.688706
 11
8.187227
 21
23.211763
 31
1.078406
 12
8.187226
 22
18.119406
 32
1.549313
 13
8.187226
 23
18.119406
 33
1.549313
  0
3DFACE
  8
Default_Layer
 10
8.187226
 20
18.119406
 30
1.549313
 11
8.187227
 21
18.119406
 31
-0.025587
 12
8.187228
 22
23.211763
 32
-0.688706
 13
8.187228
 23
23.211763
 33
-0.688706
  0
3DFACE
  8
Default_Layer
 10
6.507911
 20
23.168890
 30
1.730225
 11
5.422600
 21
23.168892
 31
1.730224
 12
5.422600
 22
18.069105
 32
2.221843
 13
5.422600
 23
18.069105
 33
2.221843
  0
3DFACE
  8
Default_Layer
 10
5.422600
 20
18.069105
 30
2.221843
 11
6.507910
 21
18.069103
 31
2.221843
 12
6.507911
 22
23.168890
 32
1.730225
 13
6.507911
 23
23.168890
 33
1.730225
  0
3DFACE
  8
Default_Layer
 10
4.228784
 20
17.314405
 30
2.782347
 11
4.228784
 21
17.314405
 31
-1.137822
 12
4.228784
 22
13.557913
 32
-0.748411
 13
4.228784
 23
13.557913
 33
-0.748411
  0
3DFACE
  8
Default_Layer
 10
4.228784
 20
17.314405
 30
2.782347
 11
4.228784
 21
13.557913
 31
-0.748411
 12
4.228783
 22
13.557913
 32
1.932682
 13
4.228783
 23
13.557913
 33
1.932682
  0
3DFACE
  8
Default_Layer
 10
4.228784
 20
17.314405
 30
2.782347
 11
4.228783
 21
13.557913
 31
1.932682
 12
4.228783
 22
13.557913
 32
2.782347
 13
4.228783
 23
13.557913
 33
2.782347
  0
3DFACE
  8
Default_Layer
 10
4.567977
 20
16.801666
 30
0.605221
 11
7.362533
 21
16.801664
 31
0.605222
 12
7.362532
 22
15.264889
 32
1.872900
 13
7.362532
 23
15.264889
 33
1.872900
  0
3DFACE
  8
Default_Layer
 10
7.362532
 20
15.264889
 30
1.872900
 11
4.567976
 21
15.264890
 31
1.872900
 12
4.567977
 22
16.801666
 32
0.605221
 13
4.567977
 23
16.801666
 33
0.605221
  0
3DFACE
  8
Default_Layer
 10
7.701726
 20
17.314404
 30
-1.137822
 11
7.701725
 21
17.314404
 31
2.782348
 12
7.701724
 22
13.557912
 32
2.782347
 13
7.701724
 23
13.557912
 33
2.782347
  0
3DFACE
  8
Default_Layer
 10
7.701726
 20
17.314404
 30
-1.137822
 11
7.701724
 21
13.557912
 31
2.782347
 12
7.701724
 22
13.557912
 32
1.932681
 13
7.701724
 23
13.557912
 33
1.932681
  0
3DFACE
  8
Default_Layer
 10
7.701726
 20
17.314404
 30
-1.137822
 11
7.701724
 21
13.557912
 31
1.932681
 12
7.701725
 22
13.557912
 32
-0.748410
 13
7.701725
 23
13.557912
 33
-0.748410
  0
3DFACE
  8
Default_Layer
 10
7.027252
 20
16.582710
 30
4.349044
 11
4.903256
 21
16.582710
 31
4.349044
 12
4.903255
 22
13.261488
 32
4.349043
 13
4.903255
 23
13.261488
 33
4.349043
  0
3DFACE
  8
Default_Layer
 10
4.903255
 20
13.261488
 30
4.349043
 11
7.027251
 21
13.261488
 31
4.349044
 12
7.027252
 22
16.582710
 32
4.349044
 13
7.027252
 23
16.582710
 33
4.349044
  0
3DFACE
  8
Default_Layer
 10
7.701725
 20
17.314404
 30
2.782348
 11
4.228784
 21
17.314405
 31
2.782347
 12
4.903256
 22
16.582710
 32
4.349044
 13
4.903256
 23
16.582710
 33
4.349044
  0
3DFACE
  8
Default_Layer
 10
4.903256
 20
16.582710
 30
4.349044
 11
7.027252
 21
16.582710
 31
4.349044
 12
7.701725
 22
17.314404
 32
2.782348
 13
7.701725
 23
17.314404
 33
2.782348
  0
3DFACE
  8
Default_Layer
 10
4.228784
 20
17.314405
 30
2.782347
 11
4.228783
 21
13.557913
 31
2.782347
 12
4.903255
 22
13.261488
 32
4.349043
 13
4.903255
 23
13.261488
 33
4.349043
  0
3DFACE
  8
Default_Layer
 10
4.903255
 20
13.261488
 30
4.349043
 11
4.903256
 21
16.582710
 31
4.349044
 12
4.228784
 22
17.314405
 32
2.782347
 13
4.228784
 23
17.314405
 33
2.782347
  0
3DFACE
  8
Default_Layer
 10
4.228783
 20
13.557913
 30
2.782347
 11
4.228783
 21
13.261488
 31
2.782347
 12
4.903255
 22
13.261488
 32
4.349043
 13
4.903255
 23
13.261488
 33
4.349043
  0
3DFACE
  8
Default_Layer
 10
4.228783
 20
13.557913
 30
1.932682
 11
7.701724
 21
13.557912
 31
1.932681
 12
7.701724
 22
13.261487
 32
2.782347
 13
7.701724
 23
13.261487
 33
2.782347
  0
3DFACE
  8
Default_Layer
 10
7.701724
 20
13.261487
 30
2.782347
 11
4.228783
 21
13.261488
 31
2.782347
 12
4.228783
 22
13.557913
 32
1.932682
 13
4.228783
 23
13.557913
 33
1.932682
  0
3DFACE
  8
Default_Layer
 10
7.701724
 20
13.557912
 30
1.932681
 11
7.701724
 21
13.557912
 31
2.782347
 12
7.701724
 22
13.261487
 32
2.782347
 13
7.701724
 23
13.261487
 33
2.782347
  0
3DFACE
  8
Default_Layer
 10
7.701724
 20
13.557912
 30
2.782347
 11
7.701725
 21
17.314404
 31
2.782348
 12
7.027252
 22
16.582710
 32
4.349044
 13
7.027252
 23
16.582710
 33
4.349044
  0
3DFACE
  8
Default_Layer
 10
7.027252
 20
16.582710
 30
4.349044
 11
7.027251
 21
13.261488
 31
4.349044
 12
7.701724
 22
13.557912
 32
2.782347
 13
7.701724
 23
13.557912
 33
2.782347
  0
3DFACE
  8
Default_Layer
 10
4.228784
 20
17.314405
 30
-1.137822
 11
7.701726
 21
17.314404
 31
-1.137822
 12
7.362533
 22
16.805359
 32
-1.084353
 13
7.362533
 23
16.805359
 33
-1.084353
  0
3DFACE
  8
Default_Layer
 10
7.362533
 20
16.805359
 30
-1.084353
 11
4.567977
 21
16.805359
 31
-1.084354
 12
4.228784
 22
17.314405
 32
-1.137822
 13
4.228784
 23
17.314405
 33
-1.137822
  0
3DFACE
  8
Default_Layer
 10
7.701726
 20
17.314404
 30
-1.137822
 11
7.701725
 21
13.557912
 31
-0.748410
 12
7.362532
 22
13.557912
 32
-0.748410
 13
7.362532
 23
13.557912
 33
-0.748410
  0
3DFACE
  8
Default_Layer
 10
7.362532
 20
13.557912
 30
-0.748410
 11
7.362533
 21
16.805359
 31
-1.084353
 12
7.701726
 22
17.314404
 32
-1.137822
 13
7.701726
 23
17.314404
 33
-1.137822
  0
3DFACE
  8
Default_Layer
 10
7.701725
 20
13.557912
 30
-0.748410
 11
7.701724
 21
13.557912
 31
1.932681
 12
7.362532
 22
13.557912
 32
1.771955
 13
7.362532
 23
13.557912
 33
1.771955
  0
3DFACE
  8
Default_Layer
 10
7.362532
 20
13.557912
 30
1.771955
 11
7.362532
 21
13.557912
 31
-0.748410
 12
7.701725
 22
13.557912
 32
-0.748410
 13
7.701725
 23
13.557912
 33
-0.748410
  0
3DFACE
  8
Default_Layer
 10
7.701724
 20
13.557912
 30
1.932681
 11
4.228783
 21
13.557913
 31
1.932682
 12
4.567976
 22
13.557913
 32
1.771955
 13
4.567976
 23
13.557913
 33
1.771955
  0
3DFACE
  8
Default_Layer
 10
4.567976
 20
13.557913
 30
1.771955
 11
7.362532
 21
13.557912
 31
1.771955
 12
7.701724
 22
13.557912
 32
1.932681
 13
7.701724
 23
13.557912
 33
1.932681
  0
3DFACE
  8
Default_Layer
 10
4.228783
 20
13.557913
 30
1.932682
 11
4.228784
 21
13.557913
 31
-0.748411
 12
4.567976
 22
13.557913
 32
-0.748411
 13
4.567976
 23
13.557913
 33
-0.748411
  0
3DFACE
  8
Default_Layer
 10
4.567976
 20
13.557913
 30
-0.748411
 11
4.567976
 21
13.557913
 31
1.771955
 12
4.228783
 22
13.557913
 32
1.932682
 13
4.228783
 23
13.557913
 33
1.932682
  0
3DFACE
  8
Default_Layer
 10
4.228784
 20
13.557913
 30
-0.748411
 11
4.228784
 21
17.314405
 31
-1.137822
 12
4.567977
 22
16.805359
 32
-1.084354
 13
4.567977
 23
16.805359
 33
-1.084354
  0
3DFACE
  8
Default_Layer
 10
4.567977
 20
16.805359
 30
-1.084354
 11
4.567976
 21
13.557913
 31
-0.748411
 12
4.228784
 22
13.557913
 32
-0.748411
 13
4.228784
 23
13.557913
 33
-0.748411
  0
3DFACE
  8
Default_Layer
 10
4.567977
 20
16.805359
 30
-1.084354
 11
7.362533
 21
16.805359
 31
-1.084353
 12
7.362533
 22
16.801664
 32
0.605222
 13
7.362533
 23
16.801664
 33
0.605222
  0
3DFACE
  8
Default_Layer
 10
7.362533
 20
16.801664
 30
0.605222
 11
4.567977
 21
16.801666
 31
0.605221
 12
4.567977
 22
16.805359
 32
-1.084354
 13
4.567977
 23
16.805359
 33
-1.084354
  0
3DFACE
  8
Default_Layer
 10
7.362533
 20
16.805359
 30
-1.084353
 11
7.362532
 21
13.557912
 31
-0.748410
 12
7.362532
 22
15.264889
 32
1.872900
 13
7.362532
 23
15.264889
 33
1.872900
  0
3DFACE
  8
Default_Layer
 10
7.362532
 20
15.264889
 30
1.872900
 11
7.362533
 21
16.801664
 31
0.605222
 12
7.362533
 22
16.805359
 32
-1.084353
 13
7.362533
 23
16.805359
 33
-1.084353
  0
3DFACE
  8
Default_Layer
 10
7.362532
 20
13.557912
 30
-0.748410
 11
7.362532
 21
13.557912
 31
1.771955
 12
7.362532
 22
15.264889
 32
1.872900
 13
7.362532
 23
15.264889
 33
1.872900
  0
3DFACE
  8
Default_Layer
 10
7.362532
 20
13.557912
 30
1.771955
 11
4.567976
 21
13.557913
 31
1.771955
 12
4.567976
 22
15.264890
 32
1.872900
 13
4.567976
 23
15.264890
 33
1.872900
  0
3DFACE
  8
Default_Layer
 10
4.567976
 20
15.264890
 30
1.872900
 11
7.362532
 21
15.264889
 31
1.872900
 12
7.362532
 22
13.557912
 32
1.771955
 13
7.362532
 23
13.557912
 33
1.771955
  0
3DFACE
  8
Default_Layer
 10
4.567976
 20
13.557913
 30
1.771955
 11
4.567976
 21
13.557913
 31
-0.748411
 12
4.567976
 22
15.264890
 32
1.872900
 13
4.567976
 23
15.264890
 33
1.872900
  0
3DFACE
  8
Default_Layer
 10
4.567976
 20
13.557913
 30
-0.748411
 11
4.567977
 21
16.805359
 31
-1.084354
 12
4.567977
 22
16.801666
 32
0.605221
 13
4.567977
 23
16.801666
 33
0.605221
  0
3DFACE
  8
Default_Layer
 10
4.567977
 20
16.801666
 30
0.605221
 11
4.567976
 21
15.264890
 31
1.872900
 12
4.567976
 22
13.557913
 32
-0.748411
 13
4.567976
 23
13.557913
 33
-0.748411
  0
3DFACE
  8
Default_Layer
 10
7.701724
 20
13.557912
 30
2.782347
 11
7.027251
 21
13.261488
 31
4.349044
 12
7.701724
 22
13.261487
 32
2.782347
 13
7.701724
 23
13.261487
 33
2.782347
  0
3DFACE
  8
Default_Layer
 10
4.228783
 20
13.557913
 30
2.782347
 11
4.228783
 21
13.557913
 31
1.932682
 12
4.228783
 22
13.261488
 32
2.782347
 13
4.228783
 23
13.261488
 33
2.782347
  0
3DFACE
  8
Default_Layer
 10
7.701726
 20
24.016764
 30
2.136242
 11
4.228785
 21
24.016764
 31
2.136241
 12
5.422600
 22
23.215477
 32
2.213485
 13
5.422600
 23
23.215477
 33
2.213485
  0
3DFACE
  8
Default_Layer
 10
5.422600
 20
23.215477
 30
2.213485
 11
6.507911
 21
23.215477
 31
2.213486
 12
7.701726
 22
24.016764
 32
2.136242
 13
7.701726
 23
24.016764
 33
2.136242
  0
3DFACE
  8
Default_Layer
 10
4.228785
 20
24.016764
 30
2.136241
 11
4.228784
 21
17.314405
 31
2.782347
 12
5.422600
 22
18.115692
 32
2.705104
 13
5.422600
 23
18.115692
 33
2.705104
  0
3DFACE
  8
Default_Layer
 10
5.422600
 20
18.115692
 30
2.705104
 11
5.422600
 21
23.215477
 31
2.213485
 12
4.228785
 22
24.016764
 32
2.136241
 13
4.228785
 23
24.016764
 33
2.136241
  0
3DFACE
  8
Default_Layer
 10
4.228784
 20
17.314405
 30
2.782347
 11
7.701725
 21
17.314404
 31
2.782348
 12
6.507909
 22
18.115690
 32
2.705104
 13
6.507909
 23
18.115690
 33
2.705104
  0
3DFACE
  8
Default_Layer
 10
6.507909
 20
18.115690
 30
2.705104
 11
5.422600
 21
18.115692
 31
2.705104
 12
4.228784
 22
17.314405
 32
2.782347
 13
4.228784
 23
17.314405
 33
2.782347
  0
3DFACE
  8
Default_Layer
 10
7.701725
 20
17.314404
 30
2.782348
 11
7.701726
 21
24.016764
 31
2.136242
 12
6.507911
 22
23.215477
 32
2.213486
 13
6.507911
 23
23.215477
 33
2.213486
  0
3DFACE
  8
Default_Layer
 10
6.507911
 20
23.215477
 30
2.213486
 11
6.507909
 21
18.115690
 31
2.705104
 12
7.701725
 22
17.314404
 32
2.782348
 13
7.701725
 23
17.314404
 33
2.782348
  0
3DFACE
  8
Default_Layer
 10
6.507911
 20
23.215477
 30
2.213486
 11
5.422600
 21
23.215477
 31
2.213485
 12
5.422600
 22
23.168892
 32
1.730224
 13
5.422600
 23
23.168892
 33
1.730224
  0
3DFACE
  8
Default_Layer
 10
5.422600
 20
23.168892
 30
1.730224
 11
6.507911
 21
23.168890
 31
1.730225
 12
6.507911
 22
23.215477
 32
2.213486
 13
6.507911
 23
23.215477
 33
2.213486
  0
3DFACE
  8
Default_Layer
 10
5.422600
 20
23.215477
 30
2.213485
 11
5.422600
 21
18.115692
 31
2.705104
 12
5.422600
 22
18.069105
 32
2.221843
 13
5.422600
 23
18.069105
 33
2.221843
  0
3DFACE
  8
Default_Layer
 10
5.422600
 20
18.069105
 30
2.221843
 11
5.422600
 21
23.168892
 31
1.730224
 12
5.422600
 22
23.215477
 32
2.213485
 13
5.422600
 23
23.215477
 33
2.213485
  0
3DFACE
  8
Default_Layer
 10
5.422600
 20
18.115692
 30
2.705104
 11
6.507909
 21
18.115690
 31
2.705104
 12
6.507910
 22
18.069103
 32
2.221843
 13
6.507910
 23
18.069103
 33
2.221843
  0
3DFACE
  8
Default_Layer
 10
6.507910
 20
18.069103
 30
2.221843
 11
5.422600
 21
18.069105
 31
2.221843
 12
5.422600
 22
18.115692
 32
2.705104
 13
5.422600
 23
18.115692
 33
2.705104
  0
3DFACE
  8
Default_Layer
 10
6.507909
 20
18.115690
 30
2.705104
 11
6.507911
 21
23.215477
 31
2.213486
 12
6.507911
 22
23.168890
 32
1.730225
 13
6.507911
 23
23.168890
 33
1.730225
  0
3DFACE
  8
Default_Layer
 10
6.507911
 20
23.168890
 30
1.730225
 11
6.507910
 21
18.069103
 31
2.221843
 12
6.507909
 22
18.115690
 32
2.705104
 13
6.507909
 23
18.115690
 33
2.705104
  0
3DFACE
  8
Default_Layer
 10
7.701726
 20
24.016764
 30
-2.160181
 11
7.701726
 21
24.016764
 31
2.136242
 12
7.701726
 22
23.211763
 32
1.078406
 13
7.701726
 23
23.211763
 33
1.078406
  0
3DFACE
  8
Default_Layer
 10
7.701726
 20
23.211763
 30
1.078406
 11
7.701727
 21
23.211763
 31
-0.688706
 12
7.701726
 22
24.016764
 32
-2.160181
 13
7.701726
 23
24.016764
 33
-2.160181
  0
3DFACE
  8
Default_Layer
 10
7.701726
 20
24.016764
 30
2.136242
 11
7.701725
 21
17.314404
 31
2.782348
 12
7.701725
 22
18.119406
 32
1.549312
 13
7.701725
 23
18.119406
 33
1.549312
  0
3DFACE
  8
Default_Layer
 10
7.701725
 20
18.119406
 30
1.549312
 11
7.701726
 21
23.211763
 31
1.078406
 12
7.701726
 22
24.016764
 32
2.136242
 13
7.701726
 23
24.016764
 33
2.136242
  0
3DFACE
  8
Default_Layer
 10
7.701725
 20
17.314404
 30
2.782348
 11
7.701726
 21
17.314404
 31
-1.137822
 12
7.701725
 22
18.119406
 32
-0.025588
 13
7.701725
 23
18.119406
 33
-0.025588
  0
3DFACE
  8
Default_Layer
 10
7.701725
 20
18.119406
 30
-0.025588
 11
7.701725
 21
18.119406
 31
1.549312
 12
7.701725
 22
17.314404
 32
2.782348
 13
7.701725
 23
17.314404
 33
2.782348
  0
3DFACE
  8
Default_Layer
 10
7.701726
 20
17.314404
 30
-1.137822
 11
7.701726
 21
24.016764
 31
-2.160181
 12
7.701727
 22
23.211763
 32
-0.688706
 13
7.701727
 23
23.211763
 33
-0.688706
  0
3DFACE
  8
Default_Layer
 10
7.701727
 20
23.211763
 30
-0.688706
 11
7.701725
 21
18.119406
 31
-0.025588
 12
7.701726
 22
17.314404
 32
-1.137822
 13
7.701726
 23
17.314404
 33
-1.137822
  0
3DFACE
  8
Default_Layer
 10
7.701727
 20
23.211763
 30
-0.688706
 11
7.701726
 21
23.211763
 31
1.078406
 12
8.187227
 22
23.211763
 32
1.078406
 13
8.187227
 23
23.211763
 33
1.078406
  0
3DFACE
  8
Default_Layer
 10
8.187227
 20
23.211763
 30
1.078406
 11
8.187228
 21
23.211763
 31
-0.688706
 12
7.701727
 22
23.211763
 32
-0.688706
 13
7.701727
 23
23.211763
 33
-0.688706
  0
3DFACE
  8
Default_Layer
 10
7.701726
 20
23.211763
 30
1.078406
 11
7.701725
 21
18.119406
 31
1.549312
 12
8.187226
 22
18.119406
 32
1.549313
 13
8.187226
 23
18.119406
 33
1.549313
  0
3DFACE
  8
Default_Layer
 10
8.187226
 20
18.119406
 30
1.549313
 11
8.187227
 21
23.211763
 31
1.078406
 12
7.701726
 22
23.211763
 32
1.078406
 13
7.701726
 23
23.211763
 33
1.078406
  0
3DFACE
  8
Default_Layer
 10
7.701725
 20
18.119406
 30
1.549312
 11
7.701725
 21
18.119406
 31
-0.025588
 12
8.187227
 22
18.119406
 32
-0.025587
 13
8.187227
 23
18.119406
 33
-0.025587
  0
3DFACE
  8
Default_Layer
 10
8.187227
 20
18.119406
 30
-0.025587
 11
8.187226
 21
18.119406
 31
1.549313
 12
7.701725
 22
18.119406
 32
1.549312
 13
7.701725
 23
18.119406
 33
1.549312
  0
3DFACE
  8
Default_Layer
 10
7.701725
 20
18.119406
 30
-0.025588
 11
7.701727
 21
23.211763
 31
-0.688706
 12
8.187228
 22
23.211763
 32
-0.688706
 13
8.187228
 23
23.211763
 33
-0.688706
  0
3DFACE
  8
Default_Layer
 10
8.187228
 20
23.211763
 30
-0.688706
 11
8.187227
 21
18.119406
 31
-0.025587
 12
7.701725
 22
18.119406
 32
-0.025588
 13
7.701725
 23
18.119406
 33
-0.025588
  0
3DFACE
  8
Default_Layer
 10
7.701726
 20
26.646925
 30
2.136242
 11
7.701726
 21
27.604578
 31
0.058506
 12
6.806543
 22
27.604578
 32
0.058506
 13
6.806543
 23
27.604578
 33
0.058506
  0
3DFACE
  8
Default_Layer
 10
6.806543
 20
27.604578
 30
0.058506
 11
6.806542
 21
26.646925
 31
2.136242
 12
7.701726
 22
26.646925
 32
2.136242
 13
7.701726
 23
26.646925
 33
2.136242
  0
3DFACE
  8
Default_Layer
 10
7.701726
 20
27.604578
 30
0.058506
 11
7.701727
 21
27.604578
 31
-1.494879
 12
6.806543
 22
27.604578
 32
-1.494879
 13
6.806543
 23
27.604578
 33
-1.494879
  0
3DFACE
  8
Default_Layer
 10
6.806543
 20
27.604578
 30
-1.494879
 11
6.806543
 21
27.604578
 31
0.058506
 12
7.701726
 22
27.604578
 32
0.058506
 13
7.701726
 23
27.604578
 33
0.058506
  0
3DFACE
  8
Default_Layer
 10
4.228786
 20
27.604580
 30
-1.494880
 11
4.228785
 21
27.604580
 31
0.058506
 12
5.123969
 22
27.604578
 32
0.058506
 13
5.123969
 23
27.604578
 33
0.058506
  0
3DFACE
  8
Default_Layer
 10
5.123969
 20
27.604578
 30
0.058506
 11
5.123969
 21
27.604580
 31
-1.494880
 12
4.228786
 22
27.604580
 32
-1.494880
 13
4.228786
 23
27.604580
 33
-1.494880
  0
3DFACE
  8
Default_Layer
 10
4.228785
 20
27.604580
 30
0.058506
 11
4.228785
 21
26.646925
 31
2.136242
 12
5.123969
 22
26.646925
 32
2.136242
 13
5.123969
 23
26.646925
 33
2.136242
  0
3DFACE
  8
Default_Layer
 10
5.123969
 20
26.646925
 30
2.136242
 11
5.123969
 21
27.604578
 31
0.058506
 12
4.228785
 22
27.604580
 32
0.058506
 13
4.228785
 23
27.604580
 33
0.058506
  0
3DFACE
  8
Default_Layer
 10
5.123969
 20
26.646925
 30
2.136242
 11
6.806542
 21
26.646925
 31
2.136242
 12
6.806542
 22
27.116375
 32
2.138537
 13
6.806542
 23
27.116375
 33
2.138537
  0
3DFACE
  8
Default_Layer
 10
6.806542
 20
27.116375
 30
2.138537
 11
5.123969
 21
27.116375
 31
2.138536
 12
5.123969
 22
26.646925
 32
2.136242
 13
5.123969
 23
26.646925
 33
2.136242
  0
3DFACE
  8
Default_Layer
 10
6.806542
 20
26.646925
 30
2.136242
 11
6.806543
 21
27.604578
 31
0.058506
 12
6.806543
 22
28.074028
 32
0.098885
 13
6.806543
 23
28.074028
 33
0.098885
  0
3DFACE
  8
Default_Layer
 10
6.806543
 20
28.074028
 30
0.098885
 11
6.806542
 21
27.116375
 31
2.138537
 12
6.806542
 22
26.646925
 32
2.136242
 13
6.806542
 23
26.646925
 33
2.136242
  0
3DFACE
  8
Default_Layer
 10
6.806543
 20
27.604578
 30
0.058506
 11
6.806543
 21
27.604578
 31
-1.494879
 12
6.806543
 22
28.074028
 32
-1.408578
 13
6.806543
 23
28.074028
 33
-1.408578
  0
3DFACE
  8
Default_Layer
 10
6.806543
 20
28.074028
 30
-1.408578
 11
6.806543
 21
28.074028
 31
0.098885
 12
6.806543
 22
27.604578
 32
0.058506
 13
6.806543
 23
27.604578
 33
0.058506
  0
3DFACE
  8
Default_Layer
 10
6.806543
 20
27.604578
 30
-1.494879
 11
5.123969
 21
27.604580
 31
-1.494880
 12
5.123969
 22
28.074028
 32
-1.408579
 13
5.123969
 23
28.074028
 33
-1.408579
  0
3DFACE
  8
Default_Layer
 10
5.123969
 20
28.074028
 30
-1.408579
 11
6.806543
 21
28.074028
 31
-1.408578
 12
6.806543
 22
27.604578
 32
-1.494879
 13
6.806543
 23
27.604578
 33
-1.494879
  0
3DFACE
  8
Default_Layer
 10
5.123969
 20
27.604580
 30
-1.494880
 11
5.123969
 21
27.604578
 31
0.058506
 12
5.123969
 22
28.074028
 32
0.098884
 13
5.123969
 23
28.074028
 33
0.098884
  0
3DFACE
  8
Default_Layer
 10
5.123969
 20
28.074028
 30
0.098884
 11
5.123969
 21
28.074028
 31
-1.408579
 12
5.123969
 22
27.604580
 32
-1.494880
 13
5.123969
 23
27.604580
 33
-1.494880
  0
3DFACE
  8
Default_Layer
 10
5.123969
 20
27.604578
 30
0.058506
 11
5.123969
 21
26.646925
 31
2.136242
 12
5.123969
 22
27.116375
 32
2.138536
 13
5.123969
 23
27.116375
 33
2.138536
  0
3DFACE
  8
Default_Layer
 10
5.123969
 20
27.116375
 30
2.138536
 11
5.123969
 21
28.074028
 31
0.098884
 12
5.123969
 22
27.604578
 32
0.058506
 13
5.123969
 23
27.604578
 33
0.058506
  0
3DFACE
  8
Default_Layer
 10
-5.944879
 20
32.646305
 30
-3.494425
 11
-5.944879
 21
33.645058
 31
-3.494425
 12
5.945812
 22
33.645058
 32
-3.494424
 13
5.945812
 23
33.645058
 33
-3.494424
  0
3DFACE
  8
Default_Layer
 10
5.945812
 20
33.645058
 30
-3.494424
 11
5.945812
 21
32.646305
 31
-3.494424
 12
-5.944879
 22
32.646305
 32
-3.494425
 13
-5.944879
 23
32.646305
 33
-3.494425
  0
3DFACE
  8
Default_Layer
 10
0.412399
 20
32.646305
 30
4.399398
 11
2.187700
 21
32.646305
 31
4.399398
 12
2.187700
 22
33.645058
 32
4.399399
 13
2.187700
 23
33.645058
 33
4.399399
  0
3DFACE
  8
Default_Layer
 10
-0.411047
 20
32.646305
 30
4.399398
 11
0.412399
 21
32.646305
 31
4.399398
 12
2.187700
 22
33.645058
 32
4.399399
 13
2.187700
 23
33.645058
 33
4.399399
  0
3DFACE
  8
Default_Layer
 10
-2.186769
 20
32.646305
 30
4.399397
 11
-0.411047
 21
32.646305
 31
4.399398
 12
2.187700
 22
33.645058
 32
4.399399
 13
2.187700
 23
33.645058
 33
4.399399
  0
3DFACE
  8
Default_Layer
 10
-2.186769
 20
32.646305
 30
4.399397
 11
2.187700
 21
33.645058
 31
4.399399
 12
-2.186769
 22
33.645058
 32
4.399397
 13
-2.186769
 23
33.645058
 33
4.399397
  0
3DFACE
  8
Default_Layer
 10
-4.059451
 20
27.465908
 30
0.983926
 11
4.060386
 21
27.465908
 31
0.983926
 12
1.492073
 22
27.465906
 32
3.267710
 13
1.492073
 23
27.465906
 33
3.267710
  0
3DFACE
  8
Default_Layer
 10
1.492073
 20
27.465906
 30
3.267710
 11
-1.491141
 21
27.465906
 31
3.267708
 12
-4.059451
 22
27.465908
 32
0.983926
 13
-4.059451
 23
27.465908
 33
0.983926
  0
3DFACE
  8
Default_Layer
 10
5.945813
 20
32.646305
 30
0.984012
 11
5.945812
 21
33.645058
 31
0.984012
 12
2.187700
 22
33.645058
 32
4.399399
 13
2.187700
 23
33.645058
 33
4.399399
  0
3DFACE
  8
Default_Layer
 10
2.187700
 20
33.645058
 30
4.399399
 11
2.187700
 21
32.646305
 31
4.399398
 12
3.573857
 22
32.646305
 32
3.143063
 13
3.573857
 23
32.646305
 33
3.143063
  0
3DFACE
  8
Default_Layer
 10
5.945813
 20
32.646305
 30
0.984012
 11
2.187700
 21
33.645058
 31
4.399399
 12
3.573857
 22
32.646305
 32
3.143063
 13
3.573857
 23
32.646305
 33
3.143063
  0
3DFACE
  8
Default_Layer
 10
-3.089246
 20
38.724815
 30
0.984012
 11
-4.148786
 21
38.725357
 31
0.984012
 12
-1.278606
 22
36.340485
 32
4.399398
 13
-1.278606
 23
36.340485
 33
4.399398
  0
3DFACE
  8
Default_Layer
 10
-5.944878
 20
33.645058
 30
0.984012
 11
-5.944878
 21
32.646305
 31
0.984012
 12
-3.572472
 22
32.646305
 32
3.143472
 13
-3.572472
 23
32.646305
 33
3.143472
  0
3DFACE
  8
Default_Layer
 10
-5.944878
 20
33.645058
 30
0.984012
 11
-3.572472
 21
32.646305
 31
3.143472
 12
-2.186769
 22
32.646305
 32
4.399397
 13
-2.186769
 23
32.646305
 33
4.399397
  0
3DFACE
  8
Default_Layer
 10
-5.944878
 20
33.645058
 30
0.984012
 11
-2.186769
 21
32.646305
 31
4.399397
 12
-2.186769
 22
33.645058
 32
4.399397
 13
-2.186769
 23
33.645058
 33
4.399397
  0
3DFACE
  8
Default_Layer
 10
-5.944878
 20
33.645058
 30
0.984012
 11
-2.186769
 21
33.645058
 31
4.399397
 12
-1.278606
 22
36.340485
 32
4.399398
 13
-1.278606
 23
36.340485
 33
4.399398
  0
3DFACE
  8
Default_Layer
 10
-1.278606
 20
36.340485
 30
4.399398
 11
-4.148786
 21
38.725357
 31
0.984012
 12
-5.944878
 22
33.645058
 32
0.984012
 13
-5.944878
 23
33.645058
 33
0.984012
  0
3DFACE
  8
Default_Layer
 10
-2.186769
 20
33.645058
 30
4.399397
 11
2.187700
 21
33.645058
 31
4.399399
 12
1.279539
 22
36.340485
 32
4.399401
 13
1.279539
 23
36.340485
 33
4.399401
  0
3DFACE
  8
Default_Layer
 10
1.279539
 20
36.340485
 30
4.399401
 11
-1.278606
 21
36.340485
 31
4.399398
 12
-2.186769
 22
33.645058
 32
4.399397
 13
-2.186769
 23
33.645058
 33
4.399397
  0
3DFACE
  8
Default_Layer
 10
2.187700
 20
33.645058
 30
4.399399
 11
5.945812
 21
33.645058
 31
0.984012
 12
4.149714
 22
38.725357
 32
0.984012
 13
4.149714
 23
38.725357
 33
0.984012
  0
3DFACE
  8
Default_Layer
 10
4.149714
 20
38.725357
 30
0.984012
 11
1.279539
 21
36.340485
 31
4.399401
 12
2.187700
 22
33.645058
 32
4.399399
 13
2.187700
 23
33.645058
 33
4.399399
  0
3DFACE
  8
Default_Layer
 10
-5.944878
 20
32.646305
 30
0.984012
 11
-5.944878
 21
33.645058
 31
0.984012
 12
-5.944879
 22
33.645058
 32
-3.494425
 13
-5.944879
 23
33.645058
 33
-3.494425
  0
3DFACE
  8
Default_Layer
 10
-5.944879
 20
33.645058
 30
-3.494425
 11
-5.944879
 21
32.646305
 31
-3.494425
 12
-5.944878
 22
32.646305
 32
0.984012
 13
-5.944878
 23
32.646305
 33
0.984012
  0
3DFACE
  8
Default_Layer
 10
-7.026423
 20
34.612228
 30
0.984012
 11
-7.026447
 21
39.222923
 31
0.984012
 12
-7.026448
 22
39.222923
 32
-3.494425
 13
-7.026448
 23
39.222923
 33
-3.494425
  0
3DFACE
  8
Default_Layer
 10
-7.026448
 20
39.222923
 30
-3.494425
 11
-7.026423
 21
34.612228
 31
-3.494425
 12
-7.026423
 22
34.612228
 32
0.984012
 13
-7.026423
 23
34.612228
 33
0.984012
  0
3DFACE
  8
Default_Layer
 10
-4.075578
 20
40.911243
 30
0.260878
 11
-4.075578
 21
40.911243
 31
-2.771290
 12
-7.026448
 22
40.911243
 32
-2.771290
 13
-7.026448
 23
40.911243
 33
-2.771290
  0
3DFACE
  8
Default_Layer
 10
-7.026448
 20
40.911243
 30
-2.771290
 11
-7.026448
 21
40.911243
 31
0.260878
 12
-4.075578
 22
40.911243
 32
0.260878
 13
-4.075578
 23
40.911243
 33
0.260878
  0
3DFACE
  8
Default_Layer
 10
7.027363
 20
39.222946
 30
0.984012
 11
7.027345
 21
34.612251
 31
0.984012
 12
7.027345
 22
34.612251
 32
-3.494424
 13
7.027345
 23
34.612251
 33
-3.494424
  0
3DFACE
  8
Default_Layer
 10
7.027345
 20
34.612251
 30
-3.494424
 11
7.027363
 21
39.222946
 31
-3.494424
 12
7.027363
 22
39.222946
 32
0.984012
 13
7.027363
 23
39.222946
 33
0.984012
  0
3DFACE
  8
Default_Layer
 10
5.945812
 20
33.645058
 30
0.984012
 11
5.945813
 21
32.646305
 31
0.984012
 12
5.945812
 22
32.646305
 32
-3.494424
 13
5.945812
 23
32.646305
 33
-3.494424
  0
3DFACE
  8
Default_Layer
 10
5.945812
 20
32.646305
 30
-3.494424
 11
5.945812
 21
33.645058
 31
-3.494424
 12
5.945812
 22
33.645058
 32
0.984012
 13
5.945812
 23
33.645058
 33
0.984012
  0
3DFACE
  8
Default_Layer
 10
4.060386
 20
27.465908
 30
0.983926
 11
-4.059451
 21
27.465908
 31
0.983926
 12
-4.059451
 22
27.465908
 32
-2.262511
 13
-4.059451
 23
27.465908
 33
-2.262511
  0
3DFACE
  8
Default_Layer
 10
-4.059451
 20
27.465908
 30
-2.262511
 11
4.060386
 21
27.465908
 31
-2.262510
 12
4.060386
 22
27.465908
 32
0.983926
 13
4.060386
 23
27.465908
 33
0.983926
  0
3DFACE
  8
Default_Layer
 10
7.027364
 20
40.911266
 30
0.260878
 11
7.027363
 21
40.911266
 31
-2.771290
 12
4.076395
 22
40.911266
 32
-2.771290
 13
4.076395
 23
40.911266
 33
-2.771290
  0
3DFACE
  8
Default_Layer
 10
4.076395
 20
40.911266
 30
-2.771290
 11
4.076394
 21
40.911266
 31
0.260878
 12
7.027364
 22
40.911266
 32
0.260878
 13
7.027364
 23
40.911266
 33
0.260878
  0
3DFACE
  8
Default_Layer
 10
-4.148786
 20
38.725357
 30
0.984012
 11
-3.089246
 21
38.724815
 31
0.984012
 12
-3.389034
 22
39.222923
 32
0.984012
 13
-3.389034
 23
39.222923
 33
0.984012
  0
3DFACE
  8
Default_Layer
 10
-3.389034
 20
39.222923
 30
0.984012
 11
-7.026447
 21
39.222923
 31
0.984012
 12
-4.148786
 22
38.725357
 32
0.984012
 13
-4.148786
 23
38.725357
 33
0.984012
  0
3DFACE
  8
Default_Layer
 10
-3.089246
 20
38.724815
 30
0.984012
 11
-3.089246
 21
38.724815
 31
-3.494425
 12
-3.389034
 22
39.222927
 32
-3.494425
 13
-3.389034
 23
39.222927
 33
-3.494425
  0
3DFACE
  8
Default_Layer
 10
-3.389034
 20
39.222927
 30
-3.494425
 11
-3.389034
 21
39.222923
 31
0.984012
 12
-3.089246
 22
38.724815
 32
0.984012
 13
-3.089246
 23
38.724815
 33
0.984012
  0
3DFACE
  8
Default_Layer
 10
-5.944879
 20
33.645058
 30
-3.494425
 11
-5.944878
 21
33.645058
 31
0.984012
 12
-7.026423
 22
34.612228
 32
0.984012
 13
-7.026423
 23
34.612228
 33
0.984012
  0
3DFACE
  8
Default_Layer
 10
-7.026423
 20
34.612228
 30
0.984012
 11
-7.026423
 21
34.612228
 31
-3.494425
 12
-5.944879
 22
33.645058
 32
-3.494425
 13
-5.944879
 23
33.645058
 33
-3.494425
  0
3DFACE
  8
Default_Layer
 10
-5.944878
 20
33.645058
 30
0.984012
 11
-4.148786
 21
38.725357
 31
0.984012
 12
-7.026447
 22
39.222923
 32
0.984012
 13
-7.026447
 23
39.222923
 33
0.984012
  0
3DFACE
  8
Default_Layer
 10
-7.026447
 20
39.222923
 30
0.984012
 11
-7.026423
 21
34.612228
 31
0.984012
 12
-5.944878
 22
33.645058
 32
0.984012
 13
-5.944878
 23
33.645058
 33
0.984012
  0
3DFACE
  8
Default_Layer
 10
4.149714
 20
38.725357
 30
0.984012
 11
5.945812
 21
33.645058
 31
0.984012
 12
7.027345
 22
34.612251
 32
0.984012
 13
7.027345
 23
34.612251
 33
0.984012
  0
3DFACE
  8
Default_Layer
 10
7.027345
 20
34.612251
 30
0.984012
 11
7.027363
 21
39.222946
 31
0.984012
 12
4.149714
 22
38.725357
 32
0.984012
 13
4.149714
 23
38.725357
 33
0.984012
  0
3DFACE
  8
Default_Layer
 10
5.945812
 20
33.645058
 30
0.984012
 11
5.945812
 21
33.645058
 31
-3.494424
 12
7.027345
 22
34.612251
 32
-3.494424
 13
7.027345
 23
34.612251
 33
-3.494424
  0
3DFACE
  8
Default_Layer
 10
7.027345
 20
34.612251
 30
-3.494424
 11
7.027345
 21
34.612251
 31
0.984012
 12
5.945812
 22
33.645058
 32
0.984012
 13
5.945812
 23
33.645058
 33
0.984012
  0
3DFACE
  8
Default_Layer
 10
3.090085
 20
38.724815
 30
-3.494424
 11
3.090085
 21
38.724815
 31
0.984012
 12
3.389851
 22
39.222946
 32
0.984012
 13
3.389851
 23
39.222946
 33
0.984012
  0
3DFACE
  8
Default_Layer
 10
3.389851
 20
39.222946
 30
0.984012
 11
3.389851
 21
39.222946
 31
-3.494424
 12
3.090085
 22
38.724815
 32
-3.494424
 13
3.090085
 23
38.724815
 33
-3.494424
  0
3DFACE
  8
Default_Layer
 10
3.090085
 20
38.724815
 30
0.984012
 11
4.149714
 21
38.725357
 31
0.984012
 12
7.027363
 22
39.222946
 32
0.984012
 13
7.027363
 23
39.222946
 33
0.984012
  0
3DFACE
  8
Default_Layer
 10
7.027363
 20
39.222946
 30
0.984012
 11
3.389851
 21
39.222946
 31
0.984012
 12
3.090085
 22
38.724815
 32
0.984012
 13
3.090085
 23
38.724815
 33
0.984012
  0
3DFACE
  8
Default_Layer
 10
5.945812
 20
33.645058
 30
-3.494424
 11
-5.944879
 21
33.645058
 31
-3.494425
 12
-5.286139
 22
34.168831
 32
-4.531230
 13
-5.286139
 23
34.168831
 33
-4.531230
  0
3DFACE
  8
Default_Layer
 10
5.945812
 20
33.645058
 30
-3.494424
 11
-5.286139
 21
34.168831
 31
-4.531230
 12
0.000468
 22
34.168831
 32
-4.531230
 13
0.000468
 23
34.168831
 33
-4.531230
  0
3DFACE
  8
Default_Layer
 10
5.945812
 20
33.645058
 30
-3.494424
 11
0.000468
 21
34.168831
 31
-4.531230
 12
5.287075
 22
34.168831
 32
-4.531229
 13
5.287075
 23
34.168831
 33
-4.531229
  0
3DFACE
  8
Default_Layer
 10
-5.944879
 20
33.645058
 30
-3.494425
 11
-7.026423
 21
34.612228
 31
-3.494425
 12
-6.142749
 22
34.924019
 32
-4.531231
 13
-6.142749
 23
34.924019
 33
-4.531231
  0
3DFACE
  8
Default_Layer
 10
-6.142749
 20
34.924019
 30
-4.531231
 11
-5.286139
 21
34.168831
 31
-4.531230
 12
-5.944879
 22
33.645058
 32
-3.494425
 13
-5.944879
 23
33.645058
 33
-3.494425
  0
3DFACE
  8
Default_Layer
 10
-12.983606
 20
36.069046
 30
-8.398596
 11
-12.983619
 21
37.706169
 31
-8.398596
 12
-12.580948
 22
37.529495
 32
-8.766734
 13
-12.580948
 23
37.529495
 33
-8.766734
  0
3DFACE
  8
Default_Layer
 10
-12.580948
 20
37.529495
 30
-8.766734
 11
-12.580935
 21
36.179752
 31
-8.766736
 12
-12.983606
 22
36.069046
 32
-8.398596
 13
-12.983606
 23
36.069046
 33
-8.398596
  0
3DFACE
  8
Default_Layer
 10
-7.026448
 20
39.222923
 30
-3.494425
 11
-3.389034
 21
39.222927
 31
-3.494425
 12
-3.089308
 22
38.724815
 32
-4.531229
 13
-3.089308
 23
38.724815
 33
-4.531229
  0
3DFACE
  8
Default_Layer
 10
-3.089308
 20
38.724815
 30
-4.531229
 11
-6.142772
 21
38.725357
 31
-4.531230
 12
-7.026448
 22
39.222923
 32
-3.494425
 13
-7.026448
 23
39.222923
 33
-3.494425
  0
3DFACE
  8
Default_Layer
 10
-3.389034
 20
39.222927
 30
-3.494425
 11
-3.089246
 21
38.724815
 31
-3.494425
 12
-3.089308
 22
38.724815
 32
-4.531229
 13
-3.089308
 23
38.724815
 33
-4.531229
  0
3DFACE
  8
Default_Layer
 10
-3.089246
 20
38.724815
 30
-3.494425
 11
3.090085
 21
38.724815
 31
-3.494424
 12
3.090141
 22
38.724815
 32
-4.531229
 13
3.090141
 23
38.724815
 33
-4.531229
  0
3DFACE
  8
Default_Layer
 10
3.090141
 20
38.724815
 30
-4.531229
 11
-3.089308
 21
38.724815
 31
-4.531229
 12
-3.089246
 22
38.724815
 32
-3.494425
 13
-3.089246
 23
38.724815
 33
-3.494425
  0
3DFACE
  8
Default_Layer
 10
3.090085
 20
38.724815
 30
-3.494424
 11
3.389851
 21
39.222946
 31
-3.494424
 12
3.090141
 22
38.724815
 32
-4.531229
 13
3.090141
 23
38.724815
 33
-4.531229
  0
3DFACE
  8
Default_Layer
 10
3.389851
 20
39.222946
 30
-3.494424
 11
7.027363
 21
39.222946
 31
-3.494424
 12
6.143687
 22
38.725357
 32
-4.531229
 13
6.143687
 23
38.725357
 33
-4.531229
  0
3DFACE
  8
Default_Layer
 10
6.143687
 20
38.725357
 30
-4.531229
 11
3.090141
 21
38.724815
 31
-4.531229
 12
3.389851
 22
39.222946
 32
-3.494424
 13
3.389851
 23
39.222946
 33
-3.494424
  0
3DFACE
  8
Default_Layer
 10
12.984534
 20
37.706192
 30
-8.398597
 11
12.984527
 21
36.069069
 31
-8.398598
 12
12.581855
 22
36.179775
 32
-8.766736
 13
12.581855
 23
36.179775
 33
-8.766736
  0
3DFACE
  8
Default_Layer
 10
12.581855
 20
36.179775
 30
-8.766736
 11
12.581861
 21
37.529514
 31
-8.766737
 12
12.984534
 22
37.706192
 32
-8.398597
 13
12.984534
 23
37.706192
 33
-8.398597
  0
3DFACE
  8
Default_Layer
 10
7.027345
 20
34.612251
 30
-3.494424
 11
5.945812
 21
33.645058
 31
-3.494424
 12
5.287075
 22
34.168831
 32
-4.531229
 13
5.287075
 23
34.168831
 33
-4.531229
  0
3DFACE
  8
Default_Layer
 10
5.287075
 20
34.168831
 30
-4.531229
 11
6.143672
 21
34.924042
 31
-4.531229
 12
7.027345
 22
34.612251
 32
-3.494424
 13
7.027345
 23
34.612251
 33
-3.494424
  0
3DFACE
  8
Default_Layer
 10
-2.986060
 20
32.100399
 30
3.636329
 11
-2.986059
 21
30.802990
 31
3.636328
 12
-0.998784
 22
30.802988
 32
3.636331
 13
-0.998784
 23
30.802988
 33
3.636331
  0
3DFACE
  8
Default_Layer
 10
-0.998784
 20
30.802988
 30
3.636331
 11
-0.998784
 21
32.100399
 31
3.636331
 12
-2.986060
 22
32.100399
 32
3.636329
 13
-2.986060
 23
32.100399
 33
3.636329
  0
3DFACE
  8
Default_Layer
 10
-5.944878
 20
32.646305
 30
0.984012
 11
-5.944879
 21
32.646305
 31
-3.494425
 12
-5.944879
 22
30.257084
 32
-3.494424
 13
-5.944879
 23
30.257084
 33
-3.494424
  0
3DFACE
  8
Default_Layer
 10
-5.944879
 20
30.257084
 30
-3.494424
 11
-5.944878
 21
30.257084
 31
0.984012
 12
-5.944878
 22
32.646305
 32
0.984012
 13
-5.944878
 23
32.646305
 33
0.984012
  0
3DFACE
  8
Default_Layer
 10
-5.944879
 20
32.646305
 30
-3.494425
 11
5.945812
 21
32.646305
 31
-3.494424
 12
5.945812
 22
30.257084
 32
-3.494424
 13
5.945812
 23
30.257084
 33
-3.494424
  0
3DFACE
  8
Default_Layer
 10
5.945812
 20
30.257084
 30
-3.494424
 11
-5.944879
 21
30.257084
 31
-3.494424
 12
-5.944879
 22
32.646305
 32
-3.494425
 13
-5.944879
 23
32.646305
 33
-3.494425
  0
3DFACE
  8
Default_Layer
 10
5.945812
 20
32.646305
 30
-3.494424
 11
5.945813
 21
32.646305
 31
0.984012
 12
5.945813
 22
30.257084
 32
0.984011
 13
5.945813
 23
30.257084
 33
0.984011
  0
3DFACE
  8
Default_Layer
 10
5.945813
 20
30.257084
 30
0.984011
 11
5.945812
 21
30.257084
 31
-3.494424
 12
5.945812
 22
32.646305
 32
-3.494424
 13
5.945812
 23
32.646305
 33
-3.494424
  0
3DFACE
  8
Default_Layer
 10
3.573857
 20
32.646305
 30
3.143063
 11
3.573857
 21
30.257084
 31
3.143063
 12
5.945813
 22
30.257084
 32
0.984011
 13
5.945813
 23
30.257084
 33
0.984011
  0
3DFACE
  8
Default_Layer
 10
5.945813
 20
30.257084
 30
0.984011
 11
5.945813
 21
32.646305
 31
0.984012
 12
3.573857
 22
32.646305
 32
3.143063
 13
3.573857
 23
32.646305
 33
3.143063
  0
3DFACE
  8
Default_Layer
 10
-0.411047
 20
30.257084
 30
4.399397
 11
-2.186769
 21
30.257084
 31
4.399396
 12
-1.491141
 22
27.465906
 32
3.267708
 13
-1.491141
 23
27.465906
 33
3.267708
  0
3DFACE
  8
Default_Layer
 10
0.412399
 20
30.257084
 30
4.399397
 11
-0.411047
 21
30.257084
 31
4.399397
 12
-1.491141
 22
27.465906
 32
3.267708
 13
-1.491141
 23
27.465906
 33
3.267708
  0
3DFACE
  8
Default_Layer
 10
2.187700
 20
30.257084
 30
4.399397
 11
0.412399
 21
30.257084
 31
4.399397
 12
-1.491141
 22
27.465906
 32
3.267708
 13
-1.491141
 23
27.465906
 33
3.267708
  0
3DFACE
  8
Default_Layer
 10
2.187700
 20
30.257084
 30
4.399397
 11
-1.491141
 21
27.465906
 31
3.267708
 12
1.492073
 22
27.465906
 32
3.267710
 13
1.492073
 23
27.465906
 33
3.267710
  0
3DFACE
  8
Default_Layer
 10
-3.572472
 20
30.257084
 30
3.143471
 11
-5.944878
 21
30.257084
 31
0.984012
 12
-4.059451
 22
27.465908
 32
0.983926
 13
-4.059451
 23
27.465908
 33
0.983926
  0
3DFACE
  8
Default_Layer
 10
-2.186769
 20
30.257084
 30
4.399396
 11
-3.572472
 21
30.257084
 31
3.143471
 12
-4.059451
 22
27.465908
 32
0.983926
 13
-4.059451
 23
27.465908
 33
0.983926
  0
3DFACE
  8
Default_Layer
 10
-2.186769
 20
30.257084
 30
4.399396
 11
-4.059451
 21
27.465908
 31
0.983926
 12
-1.491141
 22
27.465906
 32
3.267708
 13
-1.491141
 23
27.465906
 33
3.267708
  0
3DFACE
  8
Default_Layer
 10
-5.944878
 20
30.257084
 30
0.984012
 11
-5.944879
 21
30.257084
 31
-3.494424
 12
-4.059451
 22
27.465908
 32
-2.262511
 13
-4.059451
 23
27.465908
 33
-2.262511
  0
3DFACE
  8
Default_Layer
 10
-4.059451
 20
27.465908
 30
-2.262511
 11
-4.059451
 21
27.465908
 31
0.983926
 12
-5.944878
 22
30.257084
 32
0.984012
 13
-5.944878
 23
30.257084
 33
0.984012
  0
3DFACE
  8
Default_Layer
 10
-5.944879
 20
30.257084
 30
-3.494424
 11
5.945812
 21
30.257084
 31
-3.494424
 12
4.060386
 22
27.465908
 32
-2.262510
 13
4.060386
 23
27.465908
 33
-2.262510
  0
3DFACE
  8
Default_Layer
 10
4.060386
 20
27.465908
 30
-2.262510
 11
-4.059451
 21
27.465908
 31
-2.262511
 12
-5.944879
 22
30.257084
 32
-3.494424
 13
-5.944879
 23
30.257084
 33
-3.494424
  0
3DFACE
  8
Default_Layer
 10
5.945812
 20
30.257084
 30
-3.494424
 11
5.945813
 21
30.257084
 31
0.984011
 12
4.060386
 22
27.465908
 32
0.983926
 13
4.060386
 23
27.465908
 33
0.983926
  0
3DFACE
  8
Default_Layer
 10
4.060386
 20
27.465908
 30
0.983926
 11
4.060386
 21
27.465908
 31
-2.262510
 12
5.945812
 22
30.257084
 32
-3.494424
 13
5.945812
 23
30.257084
 33
-3.494424
  0
3DFACE
  8
Default_Layer
 10
3.573857
 20
30.257084
 30
3.143063
 11
2.187700
 21
30.257084
 31
4.399397
 12
1.492073
 22
27.465906
 32
3.267710
 13
1.492073
 23
27.465906
 33
3.267710
  0
3DFACE
  8
Default_Layer
 10
5.945813
 20
30.257084
 30
0.984011
 11
3.573857
 21
30.257084
 31
3.143063
 12
1.492073
 22
27.465906
 32
3.267710
 13
1.492073
 23
27.465906
 33
3.267710
  0
3DFACE
  8
Default_Layer
 10
5.945813
 20
30.257084
 30
0.984011
 11
1.492073
 21
27.465906
 31
3.267710
 12
4.060386
 22
27.465908
 32
0.983926
 13
4.060386
 23
27.465908
 33
0.983926
  0
3DFACE
  8
Default_Layer
 10
0.999960
 20
32.100399
 30
3.636229
 11
0.999961
 21
30.802988
 31
3.636229
 12
2.987409
 22
30.802988
 32
3.636227
 13
2.987409
 23
30.802988
 33
3.636227
  0
3DFACE
  8
Default_Layer
 10
2.987409
 20
30.802988
 30
3.636227
 11
2.987408
 21
32.100399
 31
3.636226
 12
0.999960
 22
32.100399
 32
3.636229
 13
0.999960
 23
32.100399
 33
3.636229
  0
3DFACE
  8
Default_Layer
 10
-5.944878
 20
32.646305
 30
0.984012
 11
-5.944878
 21
30.257084
 31
0.984012
 12
-3.572472
 22
30.257084
 32
3.143471
 13
-3.572472
 23
30.257084
 33
3.143471
  0
3DFACE
  8
Default_Layer
 10
-3.572472
 20
30.257084
 30
3.143471
 11
-3.572472
 21
32.646305
 31
3.143472
 12
-5.944878
 22
32.646305
 32
0.984012
 13
-5.944878
 23
32.646305
 33
0.984012
  0
3DFACE
  8
Default_Layer
 10
-0.411047
 20
32.646305
 30
4.399398
 11
-0.411047
 21
30.257084
 31
4.399397
 12
0.412399
 22
30.257084
 32
4.399397
 13
0.412399
 23
30.257084
 33
4.399397
  0
3DFACE
  8
Default_Layer
 10
0.412399
 20
30.257084
 30
4.399397
 11
0.412399
 21
32.646305
 31
4.399398
 12
-0.411047
 22
32.646305
 32
4.399398
 13
-0.411047
 23
32.646305
 33
4.399398
  0
3DFACE
  8
Default_Layer
 10
2.187700
 20
32.646305
 30
4.399398
 11
0.412399
 21
32.646305
 31
4.399398
 12
0.413511
 22
32.646305
 32
4.929166
 13
0.413511
 23
32.646305
 33
4.929166
  0
3DFACE
  8
Default_Layer
 10
0.412399
 20
32.646305
 30
4.399398
 11
0.412399
 21
30.257084
 31
4.399397
 12
0.413511
 22
30.257084
 32
4.929166
 13
0.413511
 23
30.257084
 33
4.929166
  0
3DFACE
  8
Default_Layer
 10
0.413511
 20
30.257084
 30
4.929166
 11
0.413511
 21
32.646305
 31
4.929166
 12
0.412399
 22
32.646305
 32
4.399398
 13
0.412399
 23
32.646305
 33
4.399398
  0
3DFACE
  8
Default_Layer
 10
0.412399
 20
30.257084
 30
4.399397
 11
2.187700
 21
30.257084
 31
4.399397
 12
0.413511
 22
30.257084
 32
4.929166
 13
0.413511
 23
30.257084
 33
4.929166
  0
3DFACE
  8
Default_Layer
 10
2.187700
 20
30.257084
 30
4.399397
 11
3.573861
 21
30.257084
 31
4.929163
 12
0.413511
 22
30.257084
 32
4.929166
 13
0.413511
 23
30.257084
 33
4.929166
  0
3DFACE
  8
Default_Layer
 10
3.573857
 20
30.257084
 30
3.143063
 11
3.573857
 21
32.646305
 31
3.143063
 12
3.573861
 22
32.646305
 32
4.929162
 13
3.573861
 23
32.646305
 33
4.929162
  0
3DFACE
  8
Default_Layer
 10
3.573861
 20
32.646305
 30
4.929162
 11
3.573861
 21
30.257084
 31
4.929163
 12
3.573857
 22
30.257084
 32
3.143063
 13
3.573857
 23
30.257084
 33
3.143063
  0
3DFACE
  8
Default_Layer
 10
3.573857
 20
32.646305
 30
3.143063
 11
2.187700
 21
32.646305
 31
4.399398
 12
3.573861
 22
32.646305
 32
4.929162
 13
3.573861
 23
32.646305
 33
4.929162
  0
3DFACE
  8
Default_Layer
 10
-2.186769
 20
32.646305
 30
4.399397
 11
-3.572477
 21
32.646305
 31
4.929265
 12
-0.412369
 22
32.646305
 32
4.929268
 13
-0.412369
 23
32.646305
 33
4.929268
  0
3DFACE
  8
Default_Layer
 10
-3.572472
 20
32.646305
 30
3.143472
 11
-3.572472
 21
30.257084
 31
3.143471
 12
-3.572476
 22
30.257084
 32
4.929264
 13
-3.572476
 23
30.257084
 33
4.929264
  0
3DFACE
  8
Default_Layer
 10
-3.572476
 20
30.257084
 30
4.929264
 11
-3.572477
 21
32.646305
 31
4.929265
 12
-3.572472
 22
32.646305
 32
3.143472
 13
-3.572472
 23
32.646305
 33
3.143472
  0
3DFACE
  8
Default_Layer
 10
-3.572472
 20
30.257084
 30
3.143471
 11
-2.186769
 21
30.257084
 31
4.399396
 12
-3.572476
 22
30.257084
 32
4.929264
 13
-3.572476
 23
30.257084
 33
4.929264
  0
3DFACE
  8
Default_Layer
 10
-2.186769
 20
30.257084
 30
4.399396
 11
-0.411047
 21
30.257084
 31
4.399397
 12
-0.412369
 22
30.257084
 32
4.929268
 13
-0.412369
 23
30.257084
 33
4.929268
  0
3DFACE
  8
Default_Layer
 10
-0.411047
 20
30.257084
 30
4.399397
 11
-0.411047
 21
32.646305
 31
4.399398
 12
-0.412369
 22
32.646305
 32
4.929268
 13
-0.412369
 23
32.646305
 33
4.929268
  0
3DFACE
  8
Default_Layer
 10
-0.412369
 20
32.646305
 30
4.929268
 11
-0.412369
 21
30.257084
 31
4.929268
 12
-0.411047
 22
30.257084
 32
4.399397
 13
-0.411047
 23
30.257084
 33
4.399397
  0
3DFACE
  8
Default_Layer
 10
-0.411047
 20
32.646305
 30
4.399398
 11
-2.186769
 21
32.646305
 31
4.399397
 12
-0.412369
 22
32.646305
 32
4.929268
 13
-0.412369
 23
32.646305
 33
4.929268
  0
3DFACE
  8
Default_Layer
 10
-2.186769
 20
32.646305
 30
4.399397
 11
-3.572472
 21
32.646305
 31
3.143472
 12
-3.572477
 22
32.646305
 32
4.929265
 13
-3.572477
 23
32.646305
 33
4.929265
  0
3DFACE
  8
Default_Layer
 10
2.187700
 20
32.646305
 30
4.399398
 11
0.413511
 21
32.646305
 31
4.929166
 12
3.573861
 22
32.646305
 32
4.929162
 13
3.573861
 23
32.646305
 33
4.929162
  0
3DFACE
  8
Default_Layer
 10
2.187700
 20
30.257084
 30
4.399397
 11
3.573857
 21
30.257084
 31
3.143063
 12
3.573861
 22
30.257084
 32
4.929163
 13
3.573861
 23
30.257084
 33
4.929163
  0
3DFACE
  8
Default_Layer
 10
-2.186769
 20
30.257084
 30
4.399396
 11
-0.412369
 21
30.257084
 31
4.929268
 12
-3.572476
 22
30.257084
 32
4.929264
 13
-3.572476
 23
30.257084
 33
4.929264
  0
3DFACE
  8
Default_Layer
 10
-0.412369
 20
30.257084
 30
4.929268
 11
-0.412369
 21
32.646305
 31
4.929268
 12
-0.998785
 22
32.464413
 32
4.929268
 13
-0.998785
 23
32.464413
 33
4.929268
  0
3DFACE
  8
Default_Layer
 10
-0.998785
 20
32.464413
 30
4.929268
 11
-0.998785
 21
30.438976
 31
4.929268
 12
-0.412369
 22
30.257084
 32
4.929268
 13
-0.412369
 23
30.257084
 33
4.929268
  0
3DFACE
  8
Default_Layer
 10
-0.412369
 20
32.646305
 30
4.929268
 11
-3.572477
 21
32.646305
 31
4.929265
 12
-2.986061
 22
32.464413
 32
4.929265
 13
-2.986061
 23
32.464413
 33
4.929265
  0
3DFACE
  8
Default_Layer
 10
-2.986061
 20
32.464413
 30
4.929265
 11
-0.998785
 21
32.464413
 31
4.929268
 12
-0.412369
 22
32.646305
 32
4.929268
 13
-0.412369
 23
32.646305
 33
4.929268
  0
3DFACE
  8
Default_Layer
 10
-3.572477
 20
32.646305
 30
4.929265
 11
-3.572476
 21
30.257084
 31
4.929264
 12
-2.986060
 22
30.438976
 32
4.929264
 13
-2.986060
 23
30.438976
 33
4.929264
  0
3DFACE
  8
Default_Layer
 10
-2.986060
 20
30.438976
 30
4.929264
 11
-2.986061
 21
32.464413
 31
4.929265
 12
-3.572477
 22
32.646305
 32
4.929265
 13
-3.572477
 23
32.646305
 33
4.929265
  0
3DFACE
  8
Default_Layer
 10
-3.572476
 20
30.257084
 30
4.929264
 11
-0.412369
 21
30.257084
 31
4.929268
 12
-0.998785
 22
30.438976
 32
4.929268
 13
-0.998785
 23
30.438976
 33
4.929268
  0
3DFACE
  8
Default_Layer
 10
-0.998785
 20
30.438976
 30
4.929268
 11
-2.986060
 21
30.438976
 31
4.929264
 12
-3.572476
 22
30.257084
 32
4.929264
 13
-3.572476
 23
30.257084
 33
4.929264
  0
3DFACE
  8
Default_Layer
 10
0.413511
 20
32.646305
 30
4.929166
 11
0.413511
 21
30.257084
 31
4.929166
 12
0.999962
 22
30.438976
 32
4.929166
 13
0.999962
 23
30.438976
 33
4.929166
  0
3DFACE
  8
Default_Layer
 10
0.999962
 20
30.438976
 30
4.929166
 11
0.999962
 21
32.464413
 31
4.929166
 12
0.413511
 22
32.646305
 32
4.929166
 13
0.413511
 23
32.646305
 33
4.929166
  0
3DFACE
  8
Default_Layer
 10
0.413511
 20
30.257084
 30
4.929166
 11
3.573861
 21
30.257084
 31
4.929163
 12
2.987410
 22
30.438976
 32
4.929163
 13
2.987410
 23
30.438976
 33
4.929163
  0
3DFACE
  8
Default_Layer
 10
2.987410
 20
30.438976
 30
4.929163
 11
0.999962
 21
30.438976
 31
4.929166
 12
0.413511
 22
30.257084
 32
4.929166
 13
0.413511
 23
30.257084
 33
4.929166
  0
3DFACE
  8
Default_Layer
 10
3.573861
 20
30.257084
 30
4.929163
 11
3.573861
 21
32.646305
 31
4.929162
 12
2.987410
 22
32.464413
 32
4.929162
 13
2.987410
 23
32.464413
 33
4.929162
  0
3DFACE
  8
Default_Layer
 10
2.987410
 20
32.464413
 30
4.929162
 11
2.987410
 21
30.438976
 31
4.929163
 12
3.573861
 22
30.257084
 32
4.929163
 13
3.573861
 23
30.257084
 33
4.929163
  0
3DFACE
  8
Default_Layer
 10
3.573861
 20
32.646305
 30
4.929162
 11
0.413511
 21
32.646305
 31
4.929166
 12
0.999962
 22
32.464413
 32
4.929166
 13
0.999962
 23
32.464413
 33
4.929166
  0
3DFACE
  8
Default_Layer
 10
0.999962
 20
32.464413
 30
4.929166
 11
2.987410
 21
32.464413
 31
4.929162
 12
3.573861
 22
32.646305
 32
4.929162
 13
3.573861
 23
32.646305
 33
4.929162
  0
3DFACE
  8
Default_Layer
 10
-0.998785
 20
30.438976
 30
4.929268
 11
-0.998785
 21
32.464413
 31
4.929268
 12
-0.998784
 22
32.100399
 32
3.636331
 13
-0.998784
 23
32.100399
 33
3.636331
  0
3DFACE
  8
Default_Layer
 10
-0.998784
 20
32.100399
 30
3.636331
 11
-0.998784
 21
30.802988
 31
3.636331
 12
-0.998785
 22
30.438976
 32
4.929268
 13
-0.998785
 23
30.438976
 33
4.929268
  0
3DFACE
  8
Default_Layer
 10
-0.998785
 20
32.464413
 30
4.929268
 11
-2.986061
 21
32.464413
 31
4.929265
 12
-2.986060
 22
32.100399
 32
3.636329
 13
-2.986060
 23
32.100399
 33
3.636329
  0
3DFACE
  8
Default_Layer
 10
-2.986060
 20
32.100399
 30
3.636329
 11
-0.998784
 21
32.100399
 31
3.636331
 12
-0.998785
 22
32.464413
 32
4.929268
 13
-0.998785
 23
32.464413
 33
4.929268
  0
3DFACE
  8
Default_Layer
 10
-2.986061
 20
32.464413
 30
4.929265
 11
-2.986060
 21
30.438976
 31
4.929264
 12
-2.986059
 22
30.802990
 32
3.636328
 13
-2.986059
 23
30.802990
 33
3.636328
  0
3DFACE
  8
Default_Layer
 10
-2.986059
 20
30.802990
 30
3.636328
 11
-2.986060
 21
32.100399
 31
3.636329
 12
-2.986061
 22
32.464413
 32
4.929265
 13
-2.986061
 23
32.464413
 33
4.929265
  0
3DFACE
  8
Default_Layer
 10
-2.986060
 20
30.438976
 30
4.929264
 11
-0.998785
 21
30.438976
 31
4.929268
 12
-0.998784
 22
30.802988
 32
3.636331
 13
-0.998784
 23
30.802988
 33
3.636331
  0
3DFACE
  8
Default_Layer
 10
-0.998784
 20
30.802988
 30
3.636331
 11
-2.986059
 21
30.802990
 31
3.636328
 12
-2.986060
 22
30.438976
 32
4.929264
 13
-2.986060
 23
30.438976
 33
4.929264
  0
3DFACE
  8
Default_Layer
 10
0.999962
 20
32.464413
 30
4.929166
 11
0.999962
 21
30.438976
 31
4.929166
 12
0.999961
 22
30.802988
 32
3.636229
 13
0.999961
 23
30.802988
 33
3.636229
  0
3DFACE
  8
Default_Layer
 10
0.999961
 20
30.802988
 30
3.636229
 11
0.999960
 21
32.100399
 31
3.636229
 12
0.999962
 22
32.464413
 32
4.929166
 13
0.999962
 23
32.464413
 33
4.929166
  0
3DFACE
  8
Default_Layer
 10
0.999962
 20
30.438976
 30
4.929166
 11
2.987410
 21
30.438976
 31
4.929163
 12
2.987409
 22
30.802988
 32
3.636227
 13
2.987409
 23
30.802988
 33
3.636227
  0
3DFACE
  8
Default_Layer
 10
2.987409
 20
30.802988
 30
3.636227
 11
0.999961
 21
30.802988
 31
3.636229
 12
0.999962
 22
30.438976
 32
4.929166
 13
0.999962
 23
30.438976
 33
4.929166
  0
3DFACE
  8
Default_Layer
 10
2.987410
 20
30.438976
 30
4.929163
 11
2.987410
 21
32.464413
 31
4.929162
 12
2.987408
 22
32.100399
 32
3.636226
 13
2.987408
 23
32.100399
 33
3.636226
  0
3DFACE
  8
Default_Layer
 10
2.987408
 20
32.100399
 30
3.636226
 11
2.987409
 21
30.802988
 31
3.636227
 12
2.987410
 22
30.438976
 32
4.929163
 13
2.987410
 23
30.438976
 33
4.929163
  0
3DFACE
  8
Default_Layer
 10
2.987410
 20
32.464413
 30
4.929162
 11
0.999962
 21
32.464413
 31
4.929166
 12
0.999960
 22
32.100399
 32
3.636229
 13
0.999960
 23
32.100399
 33
3.636229
  0
3DFACE
  8
Default_Layer
 10
0.999960
 20
32.100399
 30
3.636229
 11
2.987408
 21
32.100399
 31
3.636226
 12
2.987410
 22
32.464413
 32
4.929162
 13
2.987410
 23
32.464413
 33
4.929162
  0
3DFACE
  8
Default_Layer
 10
1.279539
 20
36.340485
 30
4.399401
 11
4.149714
 21
38.725357
 31
0.984012
 12
3.090085
 22
38.724815
 32
0.984012
 13
3.090085
 23
38.724815
 33
0.984012
  0
3DFACE
  8
Default_Layer
 10
-1.278606
 20
36.340485
 30
4.399398
 11
1.279539
 21
36.340485
 31
4.399401
 12
1.248414
 22
36.986591
 32
3.475790
 13
1.248414
 23
36.986591
 33
3.475790
  0
3DFACE
  8
Default_Layer
 10
1.248414
 20
36.986591
 30
3.475790
 11
-1.247497
 21
36.986591
 31
3.475785
 12
-1.278606
 22
36.340485
 32
4.399398
 13
-1.278606
 23
36.340485
 33
4.399398
  0
3DFACE
  8
Default_Layer
 10
1.279539
 20
36.340485
 30
4.399401
 11
3.090085
 21
38.724815
 31
0.984012
 12
2.474023
 22
38.724815
 32
0.984012
 13
2.474023
 23
38.724815
 33
0.984012
  0
3DFACE
  8
Default_Layer
 10
2.474023
 20
38.724815
 30
0.984012
 11
1.248414
 21
36.986591
 31
3.475790
 12
1.279539
 22
36.340485
 32
4.399401
 13
1.279539
 23
36.340485
 33
4.399401
  0
3DFACE
  8
Default_Layer
 10
-3.089246
 20
38.724815
 30
0.984012
 11
-1.278606
 21
36.340485
 31
4.399398
 12
-1.247497
 22
36.986591
 32
3.475785
 13
-1.247497
 23
36.986591
 33
3.475785
  0
3DFACE
  8
Default_Layer
 10
-1.247497
 20
36.986591
 30
3.475785
 11
-2.473188
 21
38.724815
 31
0.984012
 12
-3.089246
 22
38.724815
 32
0.984012
 13
-3.089246
 23
38.724815
 33
0.984012
  0
3DFACE
  8
Default_Layer
 10
2.474023
 20
38.724815
 30
0.984012
 11
1.703252
 21
41.969494
 31
0.984015
 12
1.703252
 22
41.969490
 32
2.023170
 13
1.703252
 23
41.969490
 33
2.023170
  0
3DFACE
  8
Default_Layer
 10
-2.321315
 20
41.463966
 30
0.984014
 11
-2.321314
 21
41.463974
 31
-2.753099
 12
-2.477265
 22
40.818684
 32
-3.416431
 13
-2.477265
 23
40.818684
 33
-3.416431
  0
3DFACE
  8
Default_Layer
 10
-2.845051
 20
38.724632
 30
0.984012
 11
-2.321315
 21
41.463966
 31
0.984014
 12
-2.477265
 22
40.818684
 32
-3.416431
 13
-2.477265
 23
40.818684
 33
-3.416431
  0
3DFACE
  8
Default_Layer
 10
-2.845051
 20
38.724632
 30
-3.494424
 11
-2.845051
 21
38.724632
 31
0.984012
 12
-2.477265
 22
40.818684
 32
-3.416431
 13
-2.477265
 23
40.818684
 33
-3.416431
  0
3DFACE
  8
Default_Layer
 10
2.009368
 20
38.816765
 30
1.169113
 11
1.404749
 21
41.489059
 31
1.986844
 12
0.634415
 22
40.154560
 32
3.556724
 13
0.634415
 23
40.154560
 33
3.556724
  0
3DFACE
  8
Default_Layer
 10
0.634415
 20
40.154560
 30
3.556724
 11
1.039270
 21
37.435417
 31
3.146008
 12
2.009368
 22
38.816765
 32
1.169113
 13
2.009368
 23
38.816765
 33
1.169113
  0
3DFACE
  8
Default_Layer
 10
1.271549
 20
41.539345
 30
2.050683
 11
-1.270702
 21
41.539345
 31
2.050683
 12
-0.525875
 22
40.250343
 32
3.571953
 13
-0.525875
 23
40.250343
 33
3.571953
  0
3DFACE
  8
Default_Layer
 10
-0.525875
 20
40.250343
 30
3.571953
 11
0.526788
 21
40.250343
 31
3.571957
 12
1.271549
 22
41.539345
 32
2.050683
 13
1.271549
 23
41.539345
 33
2.050683
  0
3DFACE
  8
Default_Layer
 10
-2.008528
 20
38.816772
 30
1.169105
 11
-1.038363
 21
37.435417
 31
3.146001
 12
-0.633509
 22
40.154560
 32
3.556715
 13
-0.633509
 23
40.154560
 33
3.556715
  0
3DFACE
  8
Default_Layer
 10
-0.633509
 20
40.154560
 30
3.556715
 11
-1.403911
 21
41.489067
 31
1.986835
 12
-2.008528
 22
38.816772
 32
1.169105
 13
-2.008528
 23
38.816772
 33
1.169105
  0
3DFACE
  8
Default_Layer
 10
-0.888303
 20
37.338989
 30
3.226191
 11
0.889221
 21
37.338989
 31
3.226194
 12
0.484819
 22
40.057716
 32
3.640098
 13
0.484819
 23
40.057716
 33
3.640098
  0
3DFACE
  8
Default_Layer
 10
0.484819
 20
40.057716
 30
3.640098
 11
-0.483900
 21
40.057716
 31
3.640094
 12
-0.888303
 22
37.338989
 32
3.226191
 13
-0.888303
 23
37.338989
 33
3.226191
  0
3DFACE
  8
Default_Layer
 10
0.643131
 20
42.280502
 30
1.439511
 11
1.302541
 21
42.280502
 31
0.357952
 12
-1.301706
 22
42.280502
 32
0.357952
 13
-1.301706
 23
42.280502
 33
0.357952
  0
3DFACE
  8
Default_Layer
 10
-1.301706
 20
42.280502
 30
0.357952
 11
-0.642297
 21
42.280502
 31
1.439511
 12
0.643131
 22
42.280502
 32
1.439511
 13
0.643131
 23
42.280502
 33
1.439511
  0
3DFACE
  8
Default_Layer
 10
2.474023
 20
38.724815
 30
-3.494424
 11
-2.473187
 21
38.724815
 31
-3.494424
 12
-1.886139
 22
41.326393
 32
-3.416686
 13
-1.886139
 23
41.326393
 33
-3.416686
  0
3DFACE
  8
Default_Layer
 10
-1.886139
 20
41.326393
 30
-3.416686
 11
1.887002
 21
41.326393
 31
-3.416685
 12
2.474023
 22
38.724815
 32
-3.494424
 13
2.474023
 23
38.724815
 33
-3.494424
  0
3DFACE
  8
Default_Layer
 10
1.703252
 20
41.969490
 30
-2.753098
 11
1.887002
 21
41.326393
 31
-3.416685
 12
-1.886139
 22
41.326393
 32
-3.416686
 13
-1.886139
 23
41.326393
 33
-3.416686
  0
3DFACE
  8
Default_Layer
 10
-1.886139
 20
41.326393
 30
-3.416686
 11
-1.702418
 21
41.969490
 31
-2.753099
 12
1.703252
 22
41.969490
 32
-2.753098
 13
1.703252
 23
41.969490
 33
-2.753098
  0
3DFACE
  8
Default_Layer
 10
1.248414
 20
36.986591
 30
3.475790
 11
2.474023
 21
38.724815
 31
0.984012
 12
2.282054
 22
38.837284
 32
1.317264
 13
2.282054
 23
38.837284
 33
1.317264
  0
3DFACE
  8
Default_Layer
 10
2.282054
 20
38.837284
 30
1.317264
 11
1.311261
 21
37.457855
 31
3.295155
 12
1.248414
 22
36.986591
 32
3.475790
 13
1.248414
 23
36.986591
 33
3.475790
  0
3DFACE
  8
Default_Layer
 10
2.474023
 20
38.724815
 30
0.984012
 11
1.703252
 21
41.969490
 31
2.023170
 12
1.676507
 22
41.508610
 32
2.136819
 13
1.676507
 23
41.508610
 33
2.136819
  0
3DFACE
  8
Default_Layer
 10
1.676507
 20
41.508610
 30
2.136819
 11
2.282054
 21
38.837284
 31
1.317264
 12
2.474023
 22
38.724815
 32
0.984012
 13
2.474023
 23
38.724815
 33
0.984012
  0
3DFACE
  8
Default_Layer
 10
1.703252
 20
41.969490
 30
2.023170
 11
0.734690
 21
40.293957
 31
4.001582
 12
0.905213
 22
40.176346
 32
3.708122
 13
0.905213
 23
40.176346
 33
3.708122
  0
3DFACE
  8
Default_Layer
 10
0.905213
 20
40.176346
 30
3.708122
 11
1.676507
 21
41.508610
 31
2.136819
 12
1.703252
 22
41.969490
 32
2.023170
 13
1.703252
 23
41.969490
 33
2.023170
  0
3DFACE
  8
Default_Layer
 10
0.734690
 20
40.293957
 30
4.001582
 11
1.248414
 21
36.986591
 31
3.475790
 12
1.311261
 22
37.457855
 32
3.295155
 13
1.311261
 23
37.457855
 33
3.295155
  0
3DFACE
  8
Default_Layer
 10
1.311261
 20
37.457855
 30
3.295155
 11
0.905213
 21
40.176346
 31
3.708122
 12
0.734690
 22
40.293957
 32
4.001582
 13
0.734690
 23
40.293957
 33
4.001582
  0
3DFACE
  8
Default_Layer
 10
0.734690
 20
40.293957
 30
4.001582
 11
1.703252
 21
41.969490
 31
2.023170
 12
1.271549
 22
41.776630
 32
2.251739
 13
1.271549
 23
41.776630
 33
2.251739
  0
3DFACE
  8
Default_Layer
 10
1.271549
 20
41.776630
 30
2.251739
 11
0.526787
 21
40.487629
 31
3.773012
 12
0.734690
 22
40.293957
 32
4.001582
 13
0.734690
 23
40.293957
 33
4.001582
  0
3DFACE
  8
Default_Layer
 10
1.703252
 20
41.969490
 30
2.023170
 11
-1.702418
 21
41.969490
 31
2.023169
 12
-1.270702
 22
41.776630
 32
2.251739
 13
-1.270702
 23
41.776630
 33
2.251739
  0
3DFACE
  8
Default_Layer
 10
-1.270702
 20
41.776630
 30
2.251739
 11
1.271549
 21
41.776630
 31
2.251739
 12
1.703252
 22
41.969490
 32
2.023170
 13
1.703252
 23
41.969490
 33
2.023170
  0
3DFACE
  8
Default_Layer
 10
-1.702418
 20
41.969490
 30
2.023169
 11
-0.733774
 21
40.293957
 31
4.001578
 12
-0.525876
 22
40.487629
 32
3.773009
 13
-0.525876
 23
40.487629
 33
3.773009
  0
3DFACE
  8
Default_Layer
 10
-0.525876
 20
40.487629
 30
3.773009
 11
-1.270702
 21
41.776630
 31
2.251739
 12
-1.702418
 22
41.969490
 32
2.023169
 13
-1.702418
 23
41.969490
 33
2.023169
  0
3DFACE
  8
Default_Layer
 10
-0.733774
 20
40.293957
 30
4.001578
 11
0.734690
 21
40.293957
 31
4.001582
 12
0.526787
 22
40.487629
 32
3.773012
 13
0.526787
 23
40.487629
 33
3.773012
  0
3DFACE
  8
Default_Layer
 10
0.526787
 20
40.487629
 30
3.773012
 11
-0.525876
 21
40.487629
 31
3.773009
 12
-0.733774
 22
40.293957
 32
4.001578
 13
-0.733774
 23
40.293957
 33
4.001578
  0
3DFACE
  8
Default_Layer
 10
-1.702418
 20
41.969490
 30
2.023169
 11
-2.473188
 21
38.724815
 31
0.984012
 12
-2.281212
 22
38.837288
 32
1.317261
 13
-2.281212
 23
38.837288
 33
1.317261
  0
3DFACE
  8
Default_Layer
 10
-2.281212
 20
38.837288
 30
1.317261
 11
-1.675666
 21
41.508614
 31
2.136817
 12
-1.702418
 22
41.969490
 32
2.023169
 13
-1.702418
 23
41.969490
 33
2.023169
  0
3DFACE
  8
Default_Layer
 10
-2.473188
 20
38.724815
 30
0.984012
 11
-1.247497
 21
36.986591
 31
3.475785
 12
-1.310352
 22
37.457855
 32
3.295154
 13
-1.310352
 23
37.457855
 33
3.295154
  0
3DFACE
  8
Default_Layer
 10
-1.310352
 20
37.457855
 30
3.295154
 11
-2.281212
 21
38.837288
 31
1.317261
 12
-2.473188
 22
38.724815
 32
0.984012
 13
-2.473188
 23
38.724815
 33
0.984012
  0
3DFACE
  8
Default_Layer
 10
-1.247497
 20
36.986591
 30
3.475785
 11
-0.733774
 21
40.293957
 31
4.001578
 12
-0.904303
 22
40.176346
 32
3.708120
 13
-0.904303
 23
40.176346
 33
3.708120
  0
3DFACE
  8
Default_Layer
 10
-0.904303
 20
40.176346
 30
3.708120
 11
-1.310352
 21
37.457855
 31
3.295154
 12
-1.247497
 22
36.986591
 32
3.475785
 13
-1.247497
 23
36.986591
 33
3.475785
  0
3DFACE
  8
Default_Layer
 10
-0.733774
 20
40.293957
 30
4.001578
 11
-1.702418
 21
41.969490
 31
2.023169
 12
-1.675666
 22
41.508614
 32
2.136817
 13
-1.675666
 23
41.508614
 33
2.136817
  0
3DFACE
  8
Default_Layer
 10
-1.675666
 20
41.508614
 30
2.136817
 11
-0.904303
 21
40.176346
 31
3.708120
 12
-0.733774
 22
40.293957
 32
4.001578
 13
-0.733774
 23
40.293957
 33
4.001578
  0
3DFACE
  8
Default_Layer
 10
-0.733774
 20
40.293957
 30
4.001578
 11
-1.247497
 21
36.986591
 31
3.475785
 12
-0.888303
 22
37.280907
 32
3.531731
 13
-0.888303
 23
37.280907
 33
3.531731
  0
3DFACE
  8
Default_Layer
 10
-0.888303
 20
37.280907
 30
3.531731
 11
-0.483901
 21
39.999641
 31
3.945634
 12
-0.733774
 22
40.293957
 32
4.001578
 13
-0.733774
 23
40.293957
 33
4.001578
  0
3DFACE
  8
Default_Layer
 10
-1.247497
 20
36.986591
 30
3.475785
 11
1.248414
 21
36.986591
 31
3.475790
 12
0.889221
 22
37.280907
 32
3.531733
 13
0.889221
 23
37.280907
 33
3.531733
  0
3DFACE
  8
Default_Layer
 10
0.889221
 20
37.280907
 30
3.531733
 11
-0.888303
 21
37.280907
 31
3.531731
 12
-1.247497
 22
36.986591
 32
3.475785
 13
-1.247497
 23
36.986591
 33
3.475785
  0
3DFACE
  8
Default_Layer
 10
1.248414
 20
36.986591
 30
3.475790
 11
0.734690
 21
40.293957
 31
4.001582
 12
0.484818
 22
39.999641
 32
3.945637
 13
0.484818
 23
39.999641
 33
3.945637
  0
3DFACE
  8
Default_Layer
 10
0.484818
 20
39.999641
 30
3.945637
 11
0.889221
 21
37.280907
 31
3.531733
 12
1.248414
 22
36.986591
 32
3.475790
 13
1.248414
 23
36.986591
 33
3.475790
  0
3DFACE
  8
Default_Layer
 10
0.734690
 20
40.293957
 30
4.001582
 11
-0.733774
 21
40.293957
 31
4.001578
 12
-0.483901
 22
39.999641
 32
3.945634
 13
-0.483901
 23
39.999641
 33
3.945634
  0
3DFACE
  8
Default_Layer
 10
-0.483901
 20
39.999641
 30
3.945634
 11
0.484818
 21
39.999641
 31
3.945637
 12
0.734690
 22
40.293957
 32
4.001582
 13
0.734690
 23
40.293957
 33
4.001582
  0
3DFACE
  8
Default_Layer
 10
1.311261
 20
37.457855
 30
3.295155
 11
2.282054
 21
38.837284
 31
1.317264
 12
2.009368
 22
38.816765
 32
1.169113
 13
2.009368
 23
38.816765
 33
1.169113
  0
3DFACE
  8
Default_Layer
 10
2.009368
 20
38.816765
 30
1.169113
 11
1.039270
 21
37.435417
 31
3.146008
 12
1.311261
 22
37.457855
 32
3.295155
 13
1.311261
 23
37.457855
 33
3.295155
  0
3DFACE
  8
Default_Layer
 10
2.282054
 20
38.837284
 30
1.317264
 11
1.676507
 21
41.508610
 31
2.136819
 12
1.404749
 22
41.489059
 32
1.986844
 13
1.404749
 23
41.489059
 33
1.986844
  0
3DFACE
  8
Default_Layer
 10
1.404749
 20
41.489059
 30
1.986844
 11
2.009368
 21
38.816765
 31
1.169113
 12
2.282054
 22
38.837284
 32
1.317264
 13
2.282054
 23
38.837284
 33
1.317264
  0
3DFACE
  8
Default_Layer
 10
1.676507
 20
41.508610
 30
2.136819
 11
0.905213
 21
40.176346
 31
3.708122
 12
0.634415
 22
40.154560
 32
3.556724
 13
0.634415
 23
40.154560
 33
3.556724
  0
3DFACE
  8
Default_Layer
 10
0.634415
 20
40.154560
 30
3.556724
 11
1.404749
 21
41.489059
 31
1.986844
 12
1.676507
 22
41.508610
 32
2.136819
 13
1.676507
 23
41.508610
 33
2.136819
  0
3DFACE
  8
Default_Layer
 10
0.905213
 20
40.176346
 30
3.708122
 11
1.311261
 21
37.457855
 31
3.295155
 12
1.039270
 22
37.435417
 32
3.146008
 13
1.039270
 23
37.435417
 33
3.146008
  0
3DFACE
  8
Default_Layer
 10
1.039270
 20
37.435417
 30
3.146008
 11
0.634415
 21
40.154560
 31
3.556724
 12
0.905213
 22
40.176346
 32
3.708122
 13
0.905213
 23
40.176346
 33
3.708122
  0
3DFACE
  8
Default_Layer
 10
0.526787
 20
40.487629
 30
3.773012
 11
1.271549
 21
41.776630
 31
2.251739
 12
1.271549
 22
41.539345
 32
2.050683
 13
1.271549
 23
41.539345
 33
2.050683
  0
3DFACE
  8
Default_Layer
 10
1.271549
 20
41.539345
 30
2.050683
 11
0.526788
 21
40.250343
 31
3.571957
 12
0.526787
 22
40.487629
 32
3.773012
 13
0.526787
 23
40.487629
 33
3.773012
  0
3DFACE
  8
Default_Layer
 10
1.271549
 20
41.776630
 30
2.251739
 11
-1.270702
 21
41.776630
 31
2.251739
 12
-1.270702
 22
41.539345
 32
2.050683
 13
-1.270702
 23
41.539345
 33
2.050683
  0
3DFACE
  8
Default_Layer
 10
-1.270702
 20
41.539345
 30
2.050683
 11
1.271549
 21
41.539345
 31
2.050683
 12
1.271549
 22
41.776630
 32
2.251739
 13
1.271549
 23
41.776630
 33
2.251739
  0
3DFACE
  8
Default_Layer
 10
-1.270702
 20
41.776630
 30
2.251739
 11
-0.525876
 21
40.487629
 31
3.773009
 12
-0.525875
 22
40.250343
 32
3.571953
 13
-0.525875
 23
40.250343
 33
3.571953
  0
3DFACE
  8
Default_Layer
 10
-0.525875
 20
40.250343
 30
3.571953
 11
-1.270702
 21
41.539345
 31
2.050683
 12
-1.270702
 22
41.776630
 32
2.251739
 13
-1.270702
 23
41.776630
 33
2.251739
  0
3DFACE
  8
Default_Layer
 10
-0.525876
 20
40.487629
 30
3.773009
 11
0.526787
 21
40.487629
 31
3.773012
 12
0.526788
 22
40.250343
 32
3.571957
 13
0.526788
 23
40.250343
 33
3.571957
  0
3DFACE
  8
Default_Layer
 10
0.526788
 20
40.250343
 30
3.571957
 11
-0.525875
 21
40.250343
 31
3.571953
 12
-0.525876
 22
40.487629
 32
3.773009
 13
-0.525876
 23
40.487629
 33
3.773009
  0
3DFACE
  8
Default_Layer
 10
-1.675666
 20
41.508614
 30
2.136817
 11
-2.281212
 21
38.837288
 31
1.317261
 12
-2.008528
 22
38.816772
 32
1.169105
 13
-2.008528
 23
38.816772
 33
1.169105
  0
3DFACE
  8
Default_Layer
 10
-2.008528
 20
38.816772
 30
1.169105
 11
-1.403911
 21
41.489067
 31
1.986835
 12
-1.675666
 22
41.508614
 32
2.136817
 13
-1.675666
 23
41.508614
 33
2.136817
  0
3DFACE
  8
Default_Layer
 10
-2.281212
 20
38.837288
 30
1.317261
 11
-1.310352
 21
37.457855
 31
3.295154
 12
-1.038363
 22
37.435417
 32
3.146001
 13
-1.038363
 23
37.435417
 33
3.146001
  0
3DFACE
  8
Default_Layer
 10
-1.038363
 20
37.435417
 30
3.146001
 11
-2.008528
 21
38.816772
 31
1.169105
 12
-2.281212
 22
38.837288
 32
1.317261
 13
-2.281212
 23
38.837288
 33
1.317261
  0
3DFACE
  8
Default_Layer
 10
-1.310352
 20
37.457855
 30
3.295154
 11
-0.904303
 21
40.176346
 31
3.708120
 12
-0.633509
 22
40.154560
 32
3.556715
 13
-0.633509
 23
40.154560
 33
3.556715
  0
3DFACE
  8
Default_Layer
 10
-0.633509
 20
40.154560
 30
3.556715
 11
-1.038363
 21
37.435417
 31
3.146001
 12
-1.310352
 22
37.457855
 32
3.295154
 13
-1.310352
 23
37.457855
 33
3.295154
  0
3DFACE
  8
Default_Layer
 10
-0.904303
 20
40.176346
 30
3.708120
 11
-1.675666
 21
41.508614
 31
2.136817
 12
-1.403911
 22
41.489067
 32
1.986835
 13
-1.403911
 23
41.489067
 33
1.986835
  0
3DFACE
  8
Default_Layer
 10
-1.403911
 20
41.489067
 30
1.986835
 11
-0.633509
 21
40.154560
 31
3.556715
 12
-0.904303
 22
40.176346
 32
3.708120
 13
-0.904303
 23
40.176346
 33
3.708120
  0
3DFACE
  8
Default_Layer
 10
-0.483901
 20
39.999641
 30
3.945634
 11
-0.888303
 21
37.280907
 31
3.531731
 12
-0.888303
 22
37.338989
 32
3.226191
 13
-0.888303
 23
37.338989
 33
3.226191
  0
3DFACE
  8
Default_Layer
 10
-0.888303
 20
37.338989
 30
3.226191
 11
-0.483900
 21
40.057716
 31
3.640094
 12
-0.483901
 22
39.999641
 32
3.945634
 13
-0.483901
 23
39.999641
 33
3.945634
  0
3DFACE
  8
Default_Layer
 10
-0.888303
 20
37.280907
 30
3.531731
 11
0.889221
 21
37.280907
 31
3.531733
 12
0.889221
 22
37.338989
 32
3.226194
 13
0.889221
 23
37.338989
 33
3.226194
  0
3DFACE
  8
Default_Layer
 10
0.889221
 20
37.338989
 30
3.226194
 11
-0.888303
 21
37.338989
 31
3.226191
 12
-0.888303
 22
37.280907
 32
3.531731
 13
-0.888303
 23
37.280907
 33
3.531731
  0
3DFACE
  8
Default_Layer
 10
0.889221
 20
37.280907
 30
3.531733
 11
0.484818
 21
39.999641
 31
3.945637
 12
0.484819
 22
40.057716
 32
3.640098
 13
0.484819
 23
40.057716
 33
3.640098
  0
3DFACE
  8
Default_Layer
 10
0.484819
 20
40.057716
 30
3.640098
 11
0.889221
 21
37.338989
 31
3.226194
 12
0.889221
 22
37.280907
 32
3.531733
 13
0.889221
 23
37.280907
 33
3.531733
  0
3DFACE
  8
Default_Layer
 10
0.484818
 20
39.999641
 30
3.945637
 11
-0.483901
 21
39.999641
 31
3.945634
 12
-0.483900
 22
40.057716
 32
3.640094
 13
-0.483900
 23
40.057716
 33
3.640094
  0
3DFACE
  8
Default_Layer
 10
-0.483900
 20
40.057716
 30
3.640094
 11
0.484819
 21
40.057716
 31
3.640098
 12
0.484818
 22
39.999641
 32
3.945637
 13
0.484818
 23
39.999641
 33
3.945637
  0
3DFACE
  8
Default_Layer
 10
4.529814
 20
35.615322
 30
-6.338945
 11
1.559598
 21
35.615314
 31
-6.338945
 12
1.559597
 22
37.754578
 32
-6.728879
 13
1.559597
 23
37.754578
 33
-6.728879
  0
3DFACE
  8
Default_Layer
 10
1.559597
 20
37.754578
 30
-6.728879
 11
4.529822
 21
37.754654
 31
-6.728902
 12
4.529814
 22
35.615322
 32
-6.338945
 13
4.529814
 23
35.615322
 33
-6.338945
  0
3DFACE
  8
Default_Layer
 10
4.693574
 20
34.168831
 30
-5.530965
 11
0.758174
 21
34.168831
 31
-5.530965
 12
0.758174
 22
34.924030
 32
-5.671602
 13
0.758174
 23
34.924030
 33
-5.671602
  0
3DFACE
  8
Default_Layer
 10
0.758174
 20
34.924030
 30
-5.671602
 11
5.331234
 21
34.924042
 31
-5.671601
 12
4.693574
 22
34.168831
 32
-5.530965
 13
4.693574
 23
34.168831
 33
-5.530965
  0
3DFACE
  8
Default_Layer
 10
-4.528889
 20
35.615307
 30
-6.338946
 11
-4.528900
 21
37.754654
 31
-6.728902
 12
-1.558662
 22
37.754578
 32
-6.728879
 13
-1.558662
 23
37.754578
 33
-6.728879
  0
3DFACE
  8
Default_Layer
 10
-1.558662
 20
37.754578
 30
-6.728879
 11
-1.558662
 21
35.615314
 31
-6.338944
 12
-4.528889
 22
35.615307
 32
-6.338946
 13
-4.528889
 23
35.615307
 33
-6.338946
  0
3DFACE
  8
Default_Layer
 10
-4.692639
 20
34.168831
 30
-5.530966
 11
-5.330307
 21
34.924019
 31
-5.671602
 12
-0.757239
 22
34.924030
 32
-5.671602
 13
-0.757239
 23
34.924030
 33
-5.671602
  0
3DFACE
  8
Default_Layer
 10
-0.757239
 20
34.924030
 30
-5.671602
 11
-0.757239
 21
34.168831
 31
-5.530965
 12
-4.692639
 22
34.168831
 32
-5.530966
 13
-4.692639
 23
34.168831
 33
-5.530966
  0
3DFACE
  8
Default_Layer
 10
6.143687
 20
38.725357
 30
-4.531229
 11
6.143672
 21
34.924042
 31
-4.531229
 12
5.331234
 22
34.924042
 32
-5.671601
 13
5.331234
 23
34.924042
 33
-5.671601
  0
3DFACE
  8
Default_Layer
 10
5.331234
 20
34.924042
 30
-5.671601
 11
5.331244
 21
37.905159
 31
-6.217916
 12
6.143687
 22
38.725357
 32
-4.531229
 13
6.143687
 23
38.725357
 33
-4.531229
  0
3DFACE
  8
Default_Layer
 10
6.143672
 20
34.924042
 30
-4.531229
 11
5.287075
 21
34.168831
 31
-4.531229
 12
4.693574
 22
34.168831
 32
-5.530965
 13
4.693574
 23
34.168831
 33
-5.530965
  0
3DFACE
  8
Default_Layer
 10
4.693574
 20
34.168831
 30
-5.530965
 11
5.331234
 21
34.924042
 31
-5.671601
 12
6.143672
 22
34.924042
 32
-4.531229
 13
6.143672
 23
34.924042
 33
-4.531229
  0
3DFACE
  8
Default_Layer
 10
5.287075
 20
34.168831
 30
-4.531229
 11
0.000468
 21
34.168831
 31
-4.531230
 12
0.758174
 22
34.168831
 32
-5.530965
 13
0.758174
 23
34.168831
 33
-5.530965
  0
3DFACE
  8
Default_Layer
 10
0.758174
 20
34.168831
 30
-5.530965
 11
4.693574
 21
34.168831
 31
-5.530965
 12
5.287075
 22
34.168831
 32
-4.531229
 13
5.287075
 23
34.168831
 33
-4.531229
  0
3DFACE
  8
Default_Layer
 10
0.000468
 20
34.168831
 30
-4.531230
 11
0.000468
 21
34.924030
 31
-4.531230
 12
0.758174
 22
34.924030
 32
-5.671602
 13
0.758174
 23
34.924030
 33
-5.671602
  0
3DFACE
  8
Default_Layer
 10
0.758174
 20
34.924030
 30
-5.671602
 11
0.758174
 21
34.168831
 31
-5.530965
 12
0.000468
 22
34.168831
 32
-4.531230
 13
0.000468
 23
34.168831
 33
-4.531230
  0
3DFACE
  8
Default_Layer
 10
0.000468
 20
34.924030
 30
-4.531230
 11
0.000468
 21
38.724815
 31
-4.531229
 12
0.758174
 22
37.905159
 32
-6.217915
 13
0.758174
 23
37.905159
 33
-6.217915
  0
3DFACE
  8
Default_Layer
 10
0.758174
 20
37.905159
 30
-6.217915
 11
0.758174
 21
34.924030
 31
-5.671602
 12
0.000468
 22
34.924030
 32
-4.531230
 13
0.000468
 23
34.924030
 33
-4.531230
  0
3DFACE
  8
Default_Layer
 10
0.881985
 20
41.053207
 30
-5.840481
 11
5.254280
 21
41.053207
 31
-5.840480
 12
4.545879
 22
40.348938
 32
-7.289037
 13
4.545879
 23
40.348938
 33
-7.289037
  0
3DFACE
  8
Default_Layer
 10
4.545879
 20
40.348938
 30
-7.289037
 11
1.551428
 21
40.348938
 31
-7.289038
 12
0.881985
 22
41.053207
 32
-5.840481
 13
0.881985
 23
41.053207
 33
-5.840481
  0
3DFACE
  8
Default_Layer
 10
-5.253361
 20
41.053207
 30
-5.840481
 11
-0.881052
 21
41.053207
 31
-5.840480
 12
-1.550496
 22
40.348938
 32
-7.289038
 13
-1.550496
 23
40.348938
 33
-7.289038
  0
3DFACE
  8
Default_Layer
 10
-1.550496
 20
40.348938
 30
-7.289038
 11
-4.544958
 21
40.348938
 31
-7.289039
 12
-5.253361
 22
41.053207
 32
-5.840481
 13
-5.253361
 23
41.053207
 33
-5.840481
  0
3DFACE
  8
Default_Layer
 10
0.000468
 20
38.724815
 30
-4.531229
 11
0.000468
 21
34.924030
 31
-4.531230
 12
-0.757239
 22
34.924030
 32
-5.671602
 13
-0.757239
 23
34.924030
 33
-5.671602
  0
3DFACE
  8
Default_Layer
 10
-0.757239
 20
34.924030
 30
-5.671602
 11
-0.757239
 21
37.905159
 31
-6.217916
 12
0.000468
 22
38.724815
 32
-4.531229
 13
0.000468
 23
38.724815
 33
-4.531229
  0
3DFACE
  8
Default_Layer
 10
0.000468
 20
34.924030
 30
-4.531230
 11
0.000468
 21
34.168831
 31
-4.531230
 12
-0.757239
 22
34.168831
 32
-5.530965
 13
-0.757239
 23
34.168831
 33
-5.530965
  0
3DFACE
  8
Default_Layer
 10
-0.757239
 20
34.168831
 30
-5.530965
 11
-0.757239
 21
34.924030
 31
-5.671602
 12
0.000468
 22
34.924030
 32
-4.531230
 13
0.000468
 23
34.924030
 33
-4.531230
  0
3DFACE
  8
Default_Layer
 10
0.000468
 20
34.168831
 30
-4.531230
 11
-5.286139
 21
34.168831
 31
-4.531230
 12
-4.692639
 22
34.168831
 32
-5.530966
 13
-4.692639
 23
34.168831
 33
-5.530966
  0
3DFACE
  8
Default_Layer
 10
-4.692639
 20
34.168831
 30
-5.530966
 11
-0.757239
 21
34.168831
 31
-5.530965
 12
0.000468
 22
34.168831
 32
-4.531230
 13
0.000468
 23
34.168831
 33
-4.531230
  0
3DFACE
  8
Default_Layer
 10
-5.286139
 20
34.168831
 30
-4.531230
 11
-6.142749
 21
34.924019
 31
-4.531231
 12
-5.330307
 22
34.924019
 32
-5.671602
 13
-5.330307
 23
34.924019
 33
-5.671602
  0
3DFACE
  8
Default_Layer
 10
-5.330307
 20
34.924019
 30
-5.671602
 11
-4.692639
 21
34.168831
 31
-5.530966
 12
-5.286139
 22
34.168831
 32
-4.531230
 13
-5.286139
 23
34.168831
 33
-4.531230
  0
3DFACE
  8
Default_Layer
 10
-6.142749
 20
34.924019
 30
-4.531231
 11
-6.142772
 21
38.725357
 31
-4.531230
 12
-5.330324
 22
37.905159
 32
-6.217916
 13
-5.330324
 23
37.905159
 33
-6.217916
  0
3DFACE
  8
Default_Layer
 10
-5.330324
 20
37.905159
 30
-6.217916
 11
-5.330307
 21
34.924019
 31
-5.671602
 12
-6.142749
 22
34.924019
 32
-4.531231
 13
-6.142749
 23
34.924019
 33
-4.531231
  0
3DFACE
  8
Default_Layer
 10
0.000468
 20
38.724815
 30
-4.531229
 11
6.143687
 21
38.725357
 31
-4.531229
 12
5.254280
 22
41.053207
 32
-5.840480
 13
5.254280
 23
41.053207
 33
-5.840480
  0
3DFACE
  8
Default_Layer
 10
5.254280
 20
41.053207
 30
-5.840480
 11
0.881985
 21
41.053207
 31
-5.840481
 12
0.000468
 22
38.724815
 32
-4.531229
 13
0.000468
 23
38.724815
 33
-4.531229
  0
3DFACE
  8
Default_Layer
 10
6.143687
 20
38.725357
 30
-4.531229
 11
5.331244
 21
37.905159
 31
-6.217916
 12
4.545879
 22
40.348938
 32
-7.289037
 13
4.545879
 23
40.348938
 33
-7.289037
  0
3DFACE
  8
Default_Layer
 10
4.545879
 20
40.348938
 30
-7.289037
 11
5.254280
 21
41.053207
 31
-5.840480
 12
6.143687
 22
38.725357
 32
-4.531229
 13
6.143687
 23
38.725357
 33
-4.531229
  0
3DFACE
  8
Default_Layer
 10
4.529822
 20
37.754654
 30
-6.728902
 11
1.559597
 21
37.754578
 31
-6.728879
 12
2.141692
 22
39.403625
 32
-7.454570
 13
2.141692
 23
39.403625
 33
-7.454570
  0
3DFACE
  8
Default_Layer
 10
2.141692
 20
39.403625
 30
-7.454570
 11
3.953842
 21
39.403629
 31
-7.454566
 12
4.529822
 22
37.754654
 32
-6.728902
 13
4.529822
 23
37.754654
 33
-6.728902
  0
3DFACE
  8
Default_Layer
 10
0.758174
 20
37.905159
 30
-6.217915
 11
0.000468
 21
38.724815
 31
-4.531229
 12
0.881985
 22
41.053207
 32
-5.840481
 13
0.881985
 23
41.053207
 33
-5.840481
  0
3DFACE
  8
Default_Layer
 10
0.881985
 20
41.053207
 30
-5.840481
 11
1.551428
 21
40.348938
 31
-7.289038
 12
0.758174
 22
37.905159
 32
-6.217915
 13
0.758174
 23
37.905159
 33
-6.217915
  0
3DFACE
  8
Default_Layer
 10
-6.142772
 20
38.725357
 30
-4.531230
 11
0.000468
 21
38.724815
 31
-4.531229
 12
-0.881052
 22
41.053207
 32
-5.840480
 13
-0.881052
 23
41.053207
 33
-5.840480
  0
3DFACE
  8
Default_Layer
 10
-0.881052
 20
41.053207
 30
-5.840480
 11
-5.253361
 21
41.053207
 31
-5.840481
 12
-6.142772
 22
38.725357
 32
-4.531230
 13
-6.142772
 23
38.725357
 33
-4.531230
  0
3DFACE
  8
Default_Layer
 10
0.000468
 20
38.724815
 30
-4.531229
 11
-0.757239
 21
37.905159
 31
-6.217916
 12
-1.550496
 22
40.348938
 32
-7.289038
 13
-1.550496
 23
40.348938
 33
-7.289038
  0
3DFACE
  8
Default_Layer
 10
-1.550496
 20
40.348938
 30
-7.289038
 11
-0.881052
 21
41.053207
 31
-5.840480
 12
0.000468
 22
38.724815
 32
-4.531229
 13
0.000468
 23
38.724815
 33
-4.531229
  0
3DFACE
  8
Default_Layer
 10
-1.558662
 20
37.754578
 30
-6.728879
 11
-4.528900
 21
37.754654
 31
-6.728902
 12
-3.952922
 22
39.403625
 32
-7.454567
 13
-3.952922
 23
39.403625
 33
-7.454567
  0
3DFACE
  8
Default_Layer
 10
-3.952922
 20
39.403625
 30
-7.454567
 11
-2.140760
 21
39.403625
 31
-7.454568
 12
-1.558662
 22
37.754578
 32
-6.728879
 13
-1.558662
 23
37.754578
 33
-6.728879
  0
3DFACE
  8
Default_Layer
 10
-5.330324
 20
37.905159
 30
-6.217916
 11
-6.142772
 21
38.725357
 31
-4.531230
 12
-5.253361
 22
41.053207
 32
-5.840481
 13
-5.253361
 23
41.053207
 33
-5.840481
  0
3DFACE
  8
Default_Layer
 10
-5.253361
 20
41.053207
 30
-5.840481
 11
-4.544958
 21
40.348938
 31
-7.289039
 12
-5.330324
 22
37.905159
 32
-6.217916
 13
-5.330324
 23
37.905159
 33
-6.217916
  0
3DFACE
  8
Default_Layer
 10
-7.026423
 20
34.612228
 30
-3.494425
 11
-7.026448
 21
39.222923
 31
-3.494425
 12
-11.714648
 22
38.602959
 32
-7.214560
 13
-11.714648
 23
38.602959
 33
-7.214560
  0
3DFACE
  8
Default_Layer
 10
-11.714648
 20
38.602959
 30
-7.214560
 11
-11.714623
 21
35.207684
 31
-7.214561
 12
-7.026423
 22
34.612228
 32
-3.494425
 13
-7.026423
 23
34.612228
 33
-3.494425
  0
3DFACE
  8
Default_Layer
 10
-7.026448
 20
39.222923
 30
-3.494425
 11
-6.142772
 21
38.725357
 31
-4.531230
 12
-10.879537
 22
38.236557
 32
-7.978055
 13
-10.879537
 23
38.236557
 33
-7.978055
  0
3DFACE
  8
Default_Layer
 10
-10.879537
 20
38.236557
 30
-7.978055
 11
-11.714648
 21
38.602959
 31
-7.214560
 12
-7.026448
 22
39.222923
 32
-3.494425
 13
-7.026448
 23
39.222923
 33
-3.494425
  0
3DFACE
  8
Default_Layer
 10
-6.142772
 20
38.725357
 30
-4.531230
 11
-6.142749
 21
34.924019
 31
-4.531231
 12
-10.879514
 22
35.437283
 32
-7.978057
 13
-10.879514
 23
35.437283
 33
-7.978057
  0
3DFACE
  8
Default_Layer
 10
-10.879514
 20
35.437283
 30
-7.978057
 11
-10.879537
 21
38.236557
 31
-7.978055
 12
-6.142772
 22
38.725357
 32
-4.531230
 13
-6.142772
 23
38.725357
 33
-4.531230
  0
3DFACE
  8
Default_Layer
 10
-6.142749
 20
34.924019
 30
-4.531231
 11
-7.026423
 21
34.612228
 31
-3.494425
 12
-11.714623
 22
35.207684
 32
-7.214561
 13
-11.714623
 23
35.207684
 33
-7.214561
  0
3DFACE
  8
Default_Layer
 10
-11.714623
 20
35.207684
 30
-7.214561
 11
-10.879514
 21
35.437283
 31
-7.978057
 12
-6.142749
 22
34.924019
 32
-4.531231
 13
-6.142749
 23
34.924019
 33
-4.531231
  0
3DFACE
  8
Default_Layer
 10
7.027363
 20
39.222946
 30
-3.494424
 11
7.027345
 21
34.612251
 31
-3.494424
 12
11.715547
 22
35.207710
 32
-7.214561
 13
11.715547
 23
35.207710
 33
-7.214561
  0
3DFACE
  8
Default_Layer
 10
11.715547
 20
35.207710
 30
-7.214561
 11
11.715563
 21
38.602982
 31
-7.214562
 12
7.027363
 22
39.222946
 32
-3.494424
 13
7.027363
 23
39.222946
 33
-3.494424
  0
3DFACE
  8
Default_Layer
 10
7.027345
 20
34.612251
 30
-3.494424
 11
6.143672
 21
34.924042
 31
-4.531229
 12
10.880435
 22
35.437305
 32
-7.978055
 13
10.880435
 23
35.437305
 33
-7.978055
  0
3DFACE
  8
Default_Layer
 10
10.880435
 20
35.437305
 30
-7.978055
 11
11.715547
 21
35.207710
 31
-7.214561
 12
7.027345
 22
34.612251
 32
-3.494424
 13
7.027345
 23
34.612251
 33
-3.494424
  0
3DFACE
  8
Default_Layer
 10
6.143672
 20
34.924042
 30
-4.531229
 11
6.143687
 21
38.725357
 31
-4.531229
 12
10.880448
 22
38.236565
 32
-7.978055
 13
10.880448
 23
38.236565
 33
-7.978055
  0
3DFACE
  8
Default_Layer
 10
10.880448
 20
38.236565
 30
-7.978055
 11
10.880435
 21
35.437305
 31
-7.978055
 12
6.143672
 22
34.924042
 32
-4.531229
 13
6.143672
 23
34.924042
 33
-4.531229
  0
3DFACE
  8
Default_Layer
 10
6.143687
 20
38.725357
 30
-4.531229
 11
7.027363
 21
39.222946
 31
-3.494424
 12
11.715563
 22
38.602982
 32
-7.214562
 13
11.715563
 23
38.602982
 33
-7.214562
  0
3DFACE
  8
Default_Layer
 10
11.715563
 20
38.602982
 30
-7.214562
 11
10.880448
 21
38.236565
 31
-7.978055
 12
6.143687
 22
38.725357
 32
-4.531229
 13
6.143687
 23
38.725357
 33
-4.531229
  0
3DFACE
  8
Default_Layer
 10
-11.714623
 20
35.207684
 30
-7.214561
 11
-11.714648
 21
38.602959
 31
-7.214560
 12
-12.983619
 22
37.706169
 32
-8.398596
 13
-12.983619
 23
37.706169
 33
-8.398596
  0
3DFACE
  8
Default_Layer
 10
-12.983619
 20
37.706169
 30
-8.398596
 11
-12.983606
 21
36.069046
 31
-8.398596
 12
-11.714623
 22
35.207684
 32
-7.214561
 13
-11.714623
 23
35.207684
 33
-7.214561
  0
3DFACE
  8
Default_Layer
 10
-11.714648
 20
38.602959
 30
-7.214560
 11
-10.879537
 21
38.236557
 31
-7.978055
 12
-12.580948
 22
37.529495
 32
-8.766734
 13
-12.580948
 23
37.529495
 33
-8.766734
  0
3DFACE
  8
Default_Layer
 10
-12.580948
 20
37.529495
 30
-8.766734
 11
-12.983619
 21
37.706169
 31
-8.398596
 12
-11.714648
 22
38.602959
 32
-7.214560
 13
-11.714648
 23
38.602959
 33
-7.214560
  0
3DFACE
  8
Default_Layer
 10
-10.879537
 20
38.236557
 30
-7.978055
 11
-10.879514
 21
35.437283
 31
-7.978057
 12
-12.580935
 22
36.179752
 32
-8.766736
 13
-12.580935
 23
36.179752
 33
-8.766736
  0
3DFACE
  8
Default_Layer
 10
-12.580935
 20
36.179752
 30
-8.766736
 11
-12.580948
 21
37.529495
 31
-8.766734
 12
-10.879537
 22
38.236557
 32
-7.978055
 13
-10.879537
 23
38.236557
 33
-7.978055
  0
3DFACE
  8
Default_Layer
 10
-10.879514
 20
35.437283
 30
-7.978057
 11
-11.714623
 21
35.207684
 31
-7.214561
 12
-12.983606
 22
36.069046
 32
-8.398596
 13
-12.983606
 23
36.069046
 33
-8.398596
  0
3DFACE
  8
Default_Layer
 10
-12.983606
 20
36.069046
 30
-8.398596
 11
-12.580935
 21
36.179752
 31
-8.766736
 12
-10.879514
 22
35.437283
 32
-7.978057
 13
-10.879514
 23
35.437283
 33
-7.978057
  0
3DFACE
  8
Default_Layer
 10
11.715563
 20
38.602982
 30
-7.214562
 11
11.715547
 21
35.207710
 31
-7.214561
 12
12.984527
 22
36.069069
 32
-8.398598
 13
12.984527
 23
36.069069
 33
-8.398598
  0
3DFACE
  8
Default_Layer
 10
12.984527
 20
36.069069
 30
-8.398598
 11
12.984534
 21
37.706192
 31
-8.398597
 12
11.715563
 22
38.602982
 32
-7.214562
 13
11.715563
 23
38.602982
 33
-7.214562
  0
3DFACE
  8
Default_Layer
 10
11.715547
 20
35.207710
 30
-7.214561
 11
10.880435
 21
35.437305
 31
-7.978055
 12
12.581855
 22
36.179775
 32
-8.766736
 13
12.581855
 23
36.179775
 33
-8.766736
  0
3DFACE
  8
Default_Layer
 10
12.581855
 20
36.179775
 30
-8.766736
 11
12.984527
 21
36.069069
 31
-8.398598
 12
11.715547
 22
35.207710
 32
-7.214561
 13
11.715547
 23
35.207710
 33
-7.214561
  0
3DFACE
  8
Default_Layer
 10
10.880435
 20
35.437305
 30
-7.978055
 11
10.880448
 21
38.236565
 31
-7.978055
 12
12.581861
 22
37.529514
 32
-8.766737
 13
12.581861
 23
37.529514
 33
-8.766737
  0
3DFACE
  8
Default_Layer
 10
12.581861
 20
37.529514
 30
-8.766737
 11
12.581855
 21
36.179775
 31
-8.766736
 12
10.880435
 22
35.437305
 32
-7.978055
 13
10.880435
 23
35.437305
 33
-7.978055
  0
3DFACE
  8
Default_Layer
 10
10.880448
 20
38.236565
 30
-7.978055
 11
11.715563
 21
38.602982
 31
-7.214562
 12
12.984534
 22
37.706192
 32
-8.398597
 13
12.984534
 23
37.706192
 33
-8.398597
  0
3DFACE
  8
Default_Layer
 10
12.984534
 20
37.706192
 30
-8.398597
 11
12.581861
 21
37.529514
 31
-8.766737
 12
10.880448
 22
38.236565
 32
-7.978055
 13
10.880448
 23
38.236565
 33
-7.978055
  0
3DFACE
  8
Default_Layer
 10
5.331234
 20
34.924042
 30
-5.671601
 11
0.758174
 21
34.924030
 31
-5.671602
 12
1.158886
 22
35.318176
 32
-5.743847
 13
1.158886
 23
35.318176
 33
-5.743847
  0
3DFACE
  8
Default_Layer
 10
1.158886
 20
35.318176
 30
-5.743847
 11
4.930523
 21
35.318184
 31
-5.743845
 12
5.331234
 22
34.924042
 32
-5.671601
 13
5.331234
 23
34.924042
 33
-5.671601
  0
3DFACE
  8
Default_Layer
 10
0.758174
 20
34.924030
 30
-5.671602
 11
0.758174
 21
37.905159
 31
-6.217915
 12
1.158886
 22
37.905159
 32
-6.217915
 13
1.158886
 23
37.905159
 33
-6.217915
  0
3DFACE
  8
Default_Layer
 10
1.158886
 20
37.905159
 30
-6.217915
 11
1.158886
 21
35.318176
 31
-5.743847
 12
0.758174
 22
34.924030
 32
-5.671602
 13
0.758174
 23
34.924030
 33
-5.671602
  0
3DFACE
  8
Default_Layer
 10
0.758174
 20
37.905159
 30
-6.217915
 11
1.551428
 21
40.348938
 31
-7.289038
 12
1.850338
 22
39.981926
 32
-7.128188
 13
1.850338
 23
39.981926
 33
-7.128188
  0
3DFACE
  8
Default_Layer
 10
1.850338
 20
39.981926
 30
-7.128188
 11
1.158886
 21
37.905159
 31
-6.217915
 12
0.758174
 22
37.905159
 32
-6.217915
 13
0.758174
 23
37.905159
 33
-6.217915
  0
3DFACE
  8
Default_Layer
 10
1.551428
 20
40.348938
 30
-7.289038
 11
4.545879
 21
40.348938
 31
-7.289037
 12
4.246121
 22
39.981930
 32
-7.128187
 13
4.246121
 23
39.981930
 33
-7.128187
  0
3DFACE
  8
Default_Layer
 10
4.246121
 20
39.981930
 30
-7.128187
 11
1.850338
 21
39.981926
 31
-7.128188
 12
1.551428
 22
40.348938
 32
-7.289038
 13
1.551428
 23
40.348938
 33
-7.289038
  0
3DFACE
  8
Default_Layer
 10
4.545879
 20
40.348938
 30
-7.289037
 11
5.331244
 21
37.905159
 31
-6.217916
 12
4.930533
 22
37.905163
 32
-6.217915
 13
4.930533
 23
37.905163
 33
-6.217915
  0
3DFACE
  8
Default_Layer
 10
4.930533
 20
37.905163
 30
-6.217915
 11
4.246121
 21
39.981930
 31
-7.128187
 12
4.545879
 22
40.348938
 32
-7.289037
 13
4.545879
 23
40.348938
 33
-7.289037
  0
3DFACE
  8
Default_Layer
 10
5.331244
 20
37.905159
 30
-6.217916
 11
5.331234
 21
34.924042
 31
-5.671601
 12
4.930523
 22
35.318184
 32
-5.743845
 13
4.930523
 23
35.318184
 33
-5.743845
  0
3DFACE
  8
Default_Layer
 10
4.930523
 20
35.318184
 30
-5.743845
 11
4.930533
 21
37.905163
 31
-6.217915
 12
5.331244
 22
37.905159
 32
-6.217916
 13
5.331244
 23
37.905159
 33
-6.217916
  0
3DFACE
  8
Default_Layer
 10
-0.757239
 20
34.924030
 30
-5.671602
 11
-5.330307
 21
34.924019
 31
-5.671602
 12
-4.929598
 22
35.318165
 32
-5.743846
 13
-4.929598
 23
35.318165
 33
-5.743846
  0
3DFACE
  8
Default_Layer
 10
-4.929598
 20
35.318165
 30
-5.743846
 11
-1.157951
 21
35.318172
 31
-5.743846
 12
-0.757239
 22
34.924030
 32
-5.671602
 13
-0.757239
 23
34.924030
 33
-5.671602
  0
3DFACE
  8
Default_Layer
 10
-5.330307
 20
34.924019
 30
-5.671602
 11
-5.330324
 21
37.905159
 31
-6.217916
 12
-4.929613
 22
37.905163
 32
-6.217916
 13
-4.929613
 23
37.905163
 33
-6.217916
  0
3DFACE
  8
Default_Layer
 10
-4.929613
 20
37.905163
 30
-6.217916
 11
-4.929598
 21
35.318165
 31
-5.743846
 12
-5.330307
 22
34.924019
 32
-5.671602
 13
-5.330307
 23
34.924019
 33
-5.671602
  0
3DFACE
  8
Default_Layer
 10
-5.330324
 20
37.905159
 30
-6.217916
 11
-4.544958
 21
40.348938
 31
-7.289039
 12
-4.245200
 22
39.981926
 32
-7.128188
 13
-4.245200
 23
39.981926
 33
-7.128188
  0
3DFACE
  8
Default_Layer
 10
-4.245200
 20
39.981926
 30
-7.128188
 11
-4.929613
 21
37.905163
 31
-6.217916
 12
-5.330324
 22
37.905159
 32
-6.217916
 13
-5.330324
 23
37.905159
 33
-6.217916
  0
3DFACE
  8
Default_Layer
 10
-4.544958
 20
40.348938
 30
-7.289039
 11
-1.550496
 21
40.348938
 31
-7.289038
 12
-1.849405
 22
39.981926
 32
-7.128187
 13
-1.849405
 23
39.981926
 33
-7.128187
  0
3DFACE
  8
Default_Layer
 10
-1.849405
 20
39.981926
 30
-7.128187
 11
-4.245200
 21
39.981926
 31
-7.128188
 12
-4.544958
 22
40.348938
 32
-7.289039
 13
-4.544958
 23
40.348938
 33
-7.289039
  0
3DFACE
  8
Default_Layer
 10
-1.550496
 20
40.348938
 30
-7.289038
 11
-0.757239
 21
37.905159
 31
-6.217916
 12
-1.157951
 22
37.905159
 32
-6.217915
 13
-1.157951
 23
37.905159
 33
-6.217915
  0
3DFACE
  8
Default_Layer
 10
-1.157951
 20
37.905159
 30
-6.217915
 11
-1.849405
 21
39.981926
 31
-7.128187
 12
-1.550496
 22
40.348938
 32
-7.289038
 13
-1.550496
 23
40.348938
 33
-7.289038
  0
3DFACE
  8
Default_Layer
 10
-0.757239
 20
37.905159
 30
-6.217916
 11
-0.757239
 21
34.924030
 31
-5.671602
 12
-1.157951
 22
35.318172
 32
-5.743846
 13
-1.157951
 23
35.318172
 33
-5.743846
  0
3DFACE
  8
Default_Layer
 10
-1.157951
 20
35.318172
 30
-5.743846
 11
-1.157951
 21
37.905159
 31
-6.217915
 12
-0.757239
 22
37.905159
 32
-6.217916
 13
-0.757239
 23
37.905159
 33
-6.217916
  0
3DFACE
  8
Default_Layer
 10
4.930523
 20
35.318184
 30
-5.743845
 11
1.158886
 21
35.318176
 31
-5.743847
 12
1.158887
 22
35.128727
 32
-6.777675
 13
1.158887
 23
35.128727
 33
-6.777675
  0
3DFACE
  8
Default_Layer
 10
1.158887
 20
35.128727
 30
-6.777675
 11
4.930524
 21
35.128735
 31
-6.777673
 12
4.930523
 22
35.318184
 32
-5.743845
 13
4.930523
 23
35.318184
 33
-5.743845
  0
3DFACE
  8
Default_Layer
 10
1.158886
 20
35.318176
 30
-5.743847
 11
1.158886
 21
37.905159
 31
-6.217915
 12
1.158886
 22
37.609200
 32
-7.226426
 13
1.158886
 23
37.609200
 33
-7.226426
  0
3DFACE
  8
Default_Layer
 10
1.158886
 20
37.609200
 30
-7.226426
 11
1.158887
 21
35.128727
 31
-6.777675
 12
1.158886
 22
35.318176
 32
-5.743847
 13
1.158886
 23
35.318176
 33
-5.743847
  0
3DFACE
  8
Default_Layer
 10
1.158886
 20
37.905159
 30
-6.217915
 11
1.850338
 21
39.981926
 31
-7.128188
 12
1.850339
 22
39.559994
 32
-8.090821
 13
1.850339
 23
39.559994
 33
-8.090821
  0
3DFACE
  8
Default_Layer
 10
1.850339
 20
39.559994
 30
-8.090821
 11
1.158886
 21
37.609200
 31
-7.226426
 12
1.158886
 22
37.905159
 32
-6.217915
 13
1.158886
 23
37.905159
 33
-6.217915
  0
3DFACE
  8
Default_Layer
 10
1.850338
 20
39.981926
 30
-7.128188
 11
4.246121
 21
39.981930
 31
-7.128187
 12
4.246121
 22
39.559998
 32
-8.090820
 13
4.246121
 23
39.559998
 33
-8.090820
  0
3DFACE
  8
Default_Layer
 10
4.246121
 20
39.559998
 30
-8.090820
 11
1.850339
 21
39.559994
 31
-8.090821
 12
1.850338
 22
39.981926
 32
-7.128188
 13
1.850338
 23
39.981926
 33
-7.128188
  0
3DFACE
  8
Default_Layer
 10
4.246121
 20
39.981930
 30
-7.128187
 11
4.930533
 21
37.905163
 31
-6.217915
 12
4.930533
 22
37.609200
 32
-7.226426
 13
4.930533
 23
37.609200
 33
-7.226426
  0
3DFACE
  8
Default_Layer
 10
4.930533
 20
37.609200
 30
-7.226426
 11
4.246121
 21
39.559998
 31
-8.090820
 12
4.246121
 22
39.981930
 32
-7.128187
 13
4.246121
 23
39.981930
 33
-7.128187
  0
3DFACE
  8
Default_Layer
 10
4.930533
 20
37.905163
 30
-6.217915
 11
4.930523
 21
35.318184
 31
-5.743845
 12
4.930524
 22
35.128735
 32
-6.777673
 13
4.930524
 23
35.128735
 33
-6.777673
  0
3DFACE
  8
Default_Layer
 10
4.930524
 20
35.128735
 30
-6.777673
 11
4.930533
 21
37.609200
 31
-7.226426
 12
4.930533
 22
37.905163
 32
-6.217915
 13
4.930533
 23
37.905163
 33
-6.217915
  0
3DFACE
  8
Default_Layer
 10
-1.157951
 20
35.318172
 30
-5.743846
 11
-4.929598
 21
35.318165
 31
-5.743846
 12
-4.929597
 22
35.128716
 32
-6.777675
 13
-4.929597
 23
35.128716
 33
-6.777675
  0
3DFACE
  8
Default_Layer
 10
-4.929597
 20
35.128716
 30
-6.777675
 11
-1.157950
 21
35.128723
 31
-6.777674
 12
-1.157951
 22
35.318172
 32
-5.743846
 13
-1.157951
 23
35.318172
 33
-5.743846
  0
3DFACE
  8
Default_Layer
 10
-4.929598
 20
35.318165
 30
-5.743846
 11
-4.929613
 21
37.905163
 31
-6.217916
 12
-4.929612
 22
37.609200
 32
-7.226427
 13
-4.929612
 23
37.609200
 33
-7.226427
  0
3DFACE
  8
Default_Layer
 10
-4.929612
 20
37.609200
 30
-7.226427
 11
-4.929597
 21
35.128716
 31
-6.777675
 12
-4.929598
 22
35.318165
 32
-5.743846
 13
-4.929598
 23
35.318165
 33
-5.743846
  0
3DFACE
  8
Default_Layer
 10
-4.929613
 20
37.905163
 30
-6.217916
 11
-4.245200
 21
39.981926
 31
-7.128188
 12
-4.245199
 22
39.559994
 32
-8.090821
 13
-4.245199
 23
39.559994
 33
-8.090821
  0
3DFACE
  8
Default_Layer
 10
-4.245199
 20
39.559994
 30
-8.090821
 11
-4.929612
 21
37.609200
 31
-7.226427
 12
-4.929613
 22
37.905163
 32
-6.217916
 13
-4.929613
 23
37.905163
 33
-6.217916
  0
3DFACE
  8
Default_Layer
 10
-4.245200
 20
39.981926
 30
-7.128188
 11
-1.849405
 21
39.981926
 31
-7.128187
 12
-1.849405
 22
39.559994
 32
-8.090821
 13
-1.849405
 23
39.559994
 33
-8.090821
  0
3DFACE
  8
Default_Layer
 10
-1.849405
 20
39.559994
 30
-8.090821
 11
-4.245199
 21
39.559994
 31
-8.090821
 12
-4.245200
 22
39.981926
 32
-7.128188
 13
-4.245200
 23
39.981926
 33
-7.128188
  0
3DFACE
  8
Default_Layer
 10
-1.849405
 20
39.981926
 30
-7.128187
 11
-1.157951
 21
37.905159
 31
-6.217915
 12
-1.157950
 22
37.609200
 32
-7.226427
 13
-1.157950
 23
37.609200
 33
-7.226427
  0
3DFACE
  8
Default_Layer
 10
-1.157950
 20
37.609200
 30
-7.226427
 11
-1.849405
 21
39.559994
 31
-8.090821
 12
-1.849405
 22
39.981926
 32
-7.128187
 13
-1.849405
 23
39.981926
 33
-7.128187
  0
3DFACE
  8
Default_Layer
 10
-1.157951
 20
37.905159
 30
-6.217915
 11
-1.157951
 21
35.318172
 31
-5.743846
 12
-1.157950
 22
35.128723
 32
-6.777674
 13
-1.157950
 23
35.128723
 33
-6.777674
  0
3DFACE
  8
Default_Layer
 10
-1.157950
 20
35.128723
 30
-6.777674
 11
-1.157950
 21
37.609200
 31
-7.226427
 12
-1.157951
 22
37.905159
 32
-6.217915
 13
-1.157951
 23
37.905159
 33
-6.217915
  0
3DFACE
  8
Default_Layer
 10
-7.026448
 20
39.222923
 30
-3.494425
 11
-7.026447
 21
39.222923
 31
0.984012
 12
-7.026448
 22
40.911243
 32
0.260878
 13
-7.026448
 23
40.911243
 33
0.260878
  0
3DFACE
  8
Default_Layer
 10
-7.026448
 20
40.911243
 30
0.260878
 11
-7.026448
 21
40.911243
 31
-2.771290
 12
-7.026448
 22
39.222923
 32
-3.494425
 13
-7.026448
 23
39.222923
 33
-3.494425
  0
3DFACE
  8
Default_Layer
 10
-7.026447
 20
39.222923
 30
0.984012
 11
-3.389034
 21
39.222923
 31
0.984012
 12
-4.075578
 22
40.911243
 32
0.260878
 13
-4.075578
 23
40.911243
 33
0.260878
  0
3DFACE
  8
Default_Layer
 10
-4.075578
 20
40.911243
 30
0.260878
 11
-7.026448
 21
40.911243
 31
0.260878
 12
-7.026447
 22
39.222923
 32
0.984012
 13
-7.026447
 23
39.222923
 33
0.984012
  0
3DFACE
  8
Default_Layer
 10
-3.389034
 20
39.222923
 30
0.984012
 11
-3.389034
 21
39.222927
 31
-3.494425
 12
-4.075578
 22
40.911243
 32
-2.771290
 13
-4.075578
 23
40.911243
 33
-2.771290
  0
3DFACE
  8
Default_Layer
 10
-4.075578
 20
40.911243
 30
-2.771290
 11
-4.075578
 21
40.911243
 31
0.260878
 12
-3.389034
 22
39.222923
 32
0.984012
 13
-3.389034
 23
39.222923
 33
0.984012
  0
3DFACE
  8
Default_Layer
 10
-3.389034
 20
39.222927
 30
-3.494425
 11
-7.026448
 21
39.222923
 31
-3.494425
 12
-7.026448
 22
40.911243
 32
-2.771290
 13
-7.026448
 23
40.911243
 33
-2.771290
  0
3DFACE
  8
Default_Layer
 10
-7.026448
 20
40.911243
 30
-2.771290
 11
-4.075578
 21
40.911243
 31
-2.771290
 12
-3.389034
 22
39.222927
 32
-3.494425
 13
-3.389034
 23
39.222927
 33
-3.494425
  0
3DFACE
  8
Default_Layer
 10
7.027363
 20
39.222946
 30
0.984012
 11
7.027363
 21
39.222946
 31
-3.494424
 12
7.027363
 22
40.911266
 32
-2.771290
 13
7.027363
 23
40.911266
 33
-2.771290
  0
3DFACE
  8
Default_Layer
 10
7.027363
 20
40.911266
 30
-2.771290
 11
7.027364
 21
40.911266
 31
0.260878
 12
7.027363
 22
39.222946
 32
0.984012
 13
7.027363
 23
39.222946
 33
0.984012
  0
3DFACE
  8
Default_Layer
 10
7.027363
 20
39.222946
 30
-3.494424
 11
3.389851
 21
39.222946
 31
-3.494424
 12
4.076395
 22
40.911266
 32
-2.771290
 13
4.076395
 23
40.911266
 33
-2.771290
  0
3DFACE
  8
Default_Layer
 10
4.076395
 20
40.911266
 30
-2.771290
 11
7.027363
 21
40.911266
 31
-2.771290
 12
7.027363
 22
39.222946
 32
-3.494424
 13
7.027363
 23
39.222946
 33
-3.494424
  0
3DFACE
  8
Default_Layer
 10
3.389851
 20
39.222946
 30
-3.494424
 11
3.389851
 21
39.222946
 31
0.984012
 12
4.076394
 22
40.911266
 32
0.260878
 13
4.076394
 23
40.911266
 33
0.260878
  0
3DFACE
  8
Default_Layer
 10
4.076394
 20
40.911266
 30
0.260878
 11
4.076395
 21
40.911266
 31
-2.771290
 12
3.389851
 22
39.222946
 32
-3.494424
 13
3.389851
 23
39.222946
 33
-3.494424
  0
3DFACE
  8
Default_Layer
 10
3.389851
 20
39.222946
 30
0.984012
 11
7.027363
 21
39.222946
 31
0.984012
 12
7.027364
 22
40.911266
 32
0.260878
 13
7.027364
 23
40.911266
 33
0.260878
  0
3DFACE
  8
Default_Layer
 10
7.027364
 20
40.911266
 30
0.260878
 11
4.076394
 21
40.911266
 31
0.260878
 12
3.389851
 22
39.222946
 32
0.984012
 13
3.389851
 23
39.222946
 33
0.984012
  0
3DFACE
  8
Default_Layer
 10
2.845891
 20
38.724628
 30
-3.494424
 11
2.478105
 21
40.818672
 31
-3.416384
 12
2.322155
 22
41.463974
 32
-2.753099
 13
2.322155
 23
41.463974
 33
-2.753099
  0
3DFACE
  8
Default_Layer
 10
2.845890
 20
38.724632
 30
0.984012
 11
2.845891
 21
38.724628
 31
-3.494424
 12
2.322155
 22
41.463974
 32
-2.753099
 13
2.322155
 23
41.463974
 33
-2.753099
  0
3DFACE
  8
Default_Layer
 10
2.845890
 20
38.724632
 30
0.984012
 11
2.322155
 21
41.463974
 31
-2.753099
 12
2.322154
 22
41.463966
 32
0.984015
 13
2.322154
 23
41.463966
 33
0.984015
  0
3DFACE
  8
Default_Layer
 10
-2.473188
 20
38.724815
 30
0.984012
 11
-1.702418
 21
41.969490
 31
2.023169
 12
-1.702418
 22
41.969494
 32
0.984015
 13
-1.702418
 23
41.969494
 33
0.984015
  0
3DFACE
  8
Default_Layer
 10
-2.473188
 20
38.724815
 30
0.984012
 11
-1.702418
 21
41.969494
 31
0.984015
 12
-2.321315
 22
41.463966
 32
0.984014
 13
-2.321315
 23
41.463966
 33
0.984014
  0
3DFACE
  8
Default_Layer
 10
-2.321315
 20
41.463966
 30
0.984014
 11
-2.845051
 21
38.724632
 31
0.984012
 12
-2.473188
 22
38.724815
 32
0.984012
 13
-2.473188
 23
38.724815
 33
0.984012
  0
3DFACE
  8
Default_Layer
 10
-1.702418
 20
41.969494
 30
0.984015
 11
-1.702418
 21
41.969490
 31
-2.753099
 12
-2.321314
 22
41.463974
 32
-2.753099
 13
-2.321314
 23
41.463974
 33
-2.753099
  0
3DFACE
  8
Default_Layer
 10
-2.321314
 20
41.463974
 30
-2.753099
 11
-2.321315
 21
41.463966
 31
0.984014
 12
-1.702418
 22
41.969494
 32
0.984015
 13
-1.702418
 23
41.969494
 33
0.984015
  0
3DFACE
  8
Default_Layer
 10
-1.702418
 20
41.969490
 30
-2.753099
 11
-1.886139
 21
41.326393
 31
-3.416686
 12
-2.477265
 22
40.818684
 32
-3.416431
 13
-2.477265
 23
40.818684
 33
-3.416431
  0
3DFACE
  8
Default_Layer
 10
-2.477265
 20
40.818684
 30
-3.416431
 11
-2.321314
 21
41.463974
 31
-2.753099
 12
-1.702418
 22
41.969490
 32
-2.753099
 13
-1.702418
 23
41.969490
 33
-2.753099
  0
3DFACE
  8
Default_Layer
 10
-1.886139
 20
41.326393
 30
-3.416686
 11
-2.473187
 21
38.724815
 31
-3.494424
 12
-2.845051
 22
38.724632
 32
-3.494424
 13
-2.845051
 23
38.724632
 33
-3.494424
  0
3DFACE
  8
Default_Layer
 10
-2.845051
 20
38.724632
 30
-3.494424
 11
-2.477265
 21
40.818684
 31
-3.416431
 12
-1.886139
 22
41.326393
 32
-3.416686
 13
-1.886139
 23
41.326393
 33
-3.416686
  0
3DFACE
  8
Default_Layer
 10
2.474023
 20
38.724815
 30
-3.494424
 11
1.887002
 21
41.326393
 31
-3.416685
 12
2.478105
 22
40.818672
 32
-3.416384
 13
2.478105
 23
40.818672
 33
-3.416384
  0
3DFACE
  8
Default_Layer
 10
2.478105
 20
40.818672
 30
-3.416384
 11
2.845891
 21
38.724628
 31
-3.494424
 12
2.474023
 22
38.724815
 32
-3.494424
 13
2.474023
 23
38.724815
 33
-3.494424
  0
3DFACE
  8
Default_Layer
 10
1.887002
 20
41.326393
 30
-3.416685
 11
1.703252
 21
41.969490
 31
-2.753098
 12
2.322155
 22
41.463974
 32
-2.753099
 13
2.322155
 23
41.463974
 33
-2.753099
  0
3DFACE
  8
Default_Layer
 10
2.322155
 20
41.463974
 30
-2.753099
 11
2.478105
 21
40.818672
 31
-3.416384
 12
1.887002
 22
41.326393
 32
-3.416685
 13
1.887002
 23
41.326393
 33
-3.416685
  0
3DFACE
  8
Default_Layer
 10
1.703252
 20
41.969490
 30
-2.753098
 11
1.703252
 21
41.969494
 31
0.984015
 12
2.322154
 22
41.463966
 32
0.984015
 13
2.322154
 23
41.463966
 33
0.984015
  0
3DFACE
  8
Default_Layer
 10
2.322154
 20
41.463966
 30
0.984015
 11
2.322155
 21
41.463974
 31
-2.753099
 12
1.703252
 22
41.969490
 32
-2.753098
 13
1.703252
 23
41.969490
 33
-2.753098
  0
3DFACE
  8
Default_Layer
 10
1.703252
 20
41.969494
 30
0.984015
 11
2.474023
 21
38.724815
 31
0.984012
 12
2.845890
 22
38.724632
 32
0.984012
 13
2.845890
 23
38.724632
 33
0.984012
  0
3DFACE
  8
Default_Layer
 10
2.845890
 20
38.724632
 30
0.984012
 11
2.322154
 21
41.463966
 31
0.984015
 12
1.703252
 22
41.969494
 32
0.984015
 13
1.703252
 23
41.969494
 33
0.984015
  0
3DFACE
  8
Default_Layer
 10
1.302541
 20
42.280502
 30
-2.174869
 11
-1.301706
 21
42.280502
 31
-2.174869
 12
-1.301706
 22
42.280502
 32
0.357952
 13
-1.301706
 23
42.280502
 33
0.357952
  0
3DFACE
  8
Default_Layer
 10
-1.301706
 20
42.280502
 30
0.357952
 11
1.302541
 21
42.280502
 31
0.357952
 12
1.302541
 22
42.280502
 32
-2.174869
 13
1.302541
 23
42.280502
 33
-2.174869
  0
3DFACE
  8
Default_Layer
 10
-1.702418
 20
41.969490
 30
2.023169
 11
1.703252
 21
41.969490
 31
2.023170
 12
0.643131
 22
41.969490
 32
1.439511
 13
0.643131
 23
41.969490
 33
1.439511
  0
3DFACE
  8
Default_Layer
 10
0.643131
 20
41.969490
 30
1.439511
 11
-0.642297
 21
41.969490
 31
1.439511
 12
-1.702418
 22
41.969490
 32
2.023169
 13
-1.702418
 23
41.969490
 33
2.023169
  0
3DFACE
  8
Default_Layer
 10
1.703252
 20
41.969490
 30
2.023170
 11
1.703252
 21
41.969494
 31
0.984015
 12
1.302541
 22
41.969494
 32
0.357951
 13
1.302541
 23
41.969494
 33
0.357951
  0
3DFACE
  8
Default_Layer
 10
1.302541
 20
41.969494
 30
0.357951
 11
0.643131
 21
41.969490
 31
1.439511
 12
1.703252
 22
41.969490
 32
2.023170
 13
1.703252
 23
41.969490
 33
2.023170
  0
3DFACE
  8
Default_Layer
 10
1.703252
 20
41.969494
 30
0.984015
 11
1.703252
 21
41.969490
 31
-2.753098
 12
1.302541
 22
41.969490
 32
-2.174869
 13
1.302541
 23
41.969490
 33
-2.174869
  0
3DFACE
  8
Default_Layer
 10
1.302541
 20
41.969490
 30
-2.174869
 11
1.302541
 21
41.969494
 31
0.357951
 12
1.703252
 22
41.969494
 32
0.984015
 13
1.703252
 23
41.969494
 33
0.984015
  0
3DFACE
  8
Default_Layer
 10
1.703252
 20
41.969490
 30
-2.753098
 11
-1.702418
 21
41.969490
 31
-2.753099
 12
-1.301706
 22
41.969490
 32
-2.174868
 13
-1.301706
 23
41.969490
 33
-2.174868
  0
3DFACE
  8
Default_Layer
 10
-1.301706
 20
41.969490
 30
-2.174868
 11
1.302541
 21
41.969490
 31
-2.174869
 12
1.703252
 22
41.969490
 32
-2.753098
 13
1.703252
 23
41.969490
 33
-2.753098
  0
3DFACE
  8
Default_Layer
 10
-1.702418
 20
41.969490
 30
-2.753099
 11
-1.702418
 21
41.969494
 31
0.984015
 12
-1.301706
 22
41.969494
 32
0.357952
 13
-1.301706
 23
41.969494
 33
0.357952
  0
3DFACE
  8
Default_Layer
 10
-1.301706
 20
41.969494
 30
0.357952
 11
-1.301706
 21
41.969490
 31
-2.174868
 12
-1.702418
 22
41.969490
 32
-2.753099
 13
-1.702418
 23
41.969490
 33
-2.753099
  0
3DFACE
  8
Default_Layer
 10
-1.702418
 20
41.969494
 30
0.984015
 11
-1.702418
 21
41.969490
 31
2.023169
 12
-0.642297
 22
41.969490
 32
1.439511
 13
-0.642297
 23
41.969490
 33
1.439511
  0
3DFACE
  8
Default_Layer
 10
-0.642297
 20
41.969490
 30
1.439511
 11
-1.301706
 21
41.969494
 31
0.357952
 12
-1.702418
 22
41.969494
 32
0.984015
 13
-1.702418
 23
41.969494
 33
0.984015
  0
3DFACE
  8
Default_Layer
 10
-0.642297
 20
41.969490
 30
1.439511
 11
0.643131
 21
41.969490
 31
1.439511
 12
0.643131
 22
42.280502
 32
1.439511
 13
0.643131
 23
42.280502
 33
1.439511
  0
3DFACE
  8
Default_Layer
 10
0.643131
 20
42.280502
 30
1.439511
 11
-0.642297
 21
42.280502
 31
1.439511
 12
-0.642297
 22
41.969490
 32
1.439511
 13
-0.642297
 23
41.969490
 33
1.439511
  0
3DFACE
  8
Default_Layer
 10
0.643131
 20
41.969490
 30
1.439511
 11
1.302541
 21
41.969494
 31
0.357951
 12
1.302541
 22
42.280502
 32
0.357952
 13
1.302541
 23
42.280502
 33
0.357952
  0
3DFACE
  8
Default_Layer
 10
1.302541
 20
42.280502
 30
0.357952
 11
0.643131
 21
42.280502
 31
1.439511
 12
0.643131
 22
41.969490
 32
1.439511
 13
0.643131
 23
41.969490
 33
1.439511
  0
3DFACE
  8
Default_Layer
 10
1.302541
 20
41.969494
 30
0.357951
 11
1.302541
 21
41.969490
 31
-2.174869
 12
1.302541
 22
42.280502
 32
-2.174869
 13
1.302541
 23
42.280502
 33
-2.174869
  0
3DFACE
  8
Default_Layer
 10
1.302541
 20
42.280502
 30
-2.174869
 11
1.302541
 21
42.280502
 31
0.357952
 12
1.302541
 22
41.969494
 32
0.357951
 13
1.302541
 23
41.969494
 33
0.357951
  0
3DFACE
  8
Default_Layer
 10
1.302541
 20
41.969490
 30
-2.174869
 11
-1.301706
 21
41.969490
 31
-2.174868
 12
-1.301706
 22
42.280502
 32
-2.174869
 13
-1.301706
 23
42.280502
 33
-2.174869
  0
3DFACE
  8
Default_Layer
 10
-1.301706
 20
42.280502
 30
-2.174869
 11
1.302541
 21
42.280502
 31
-2.174869
 12
1.302541
 22
41.969490
 32
-2.174869
 13
1.302541
 23
41.969490
 33
-2.174869
  0
3DFACE
  8
Default_Layer
 10
-1.301706
 20
41.969490
 30
-2.174868
 11
-1.301706
 21
41.969494
 31
0.357952
 12
-1.301706
 22
42.280502
 32
0.357952
 13
-1.301706
 23
42.280502
 33
0.357952
  0
3DFACE
  8
Default_Layer
 10
-1.301706
 20
42.280502
 30
0.357952
 11
-1.301706
 21
42.280502
 31
-2.174869
 12
-1.301706
 22
41.969490
 32
-2.174868
 13
-1.301706
 23
41.969490
 33
-2.174868
  0
3DFACE
  8
Default_Layer
 10
-1.301706
 20
41.969494
 30
0.357952
 11
-0.642297
 21
41.969490
 31
1.439511
 12
-0.642297
 22
42.280502
 32
1.439511
 13
-0.642297
 23
42.280502
 33
1.439511
  0
3DFACE
  8
Default_Layer
 10
-0.642297
 20
42.280502
 30
1.439511
 11
-1.301706
 21
42.280502
 31
0.357952
 12
-1.301706
 22
41.969494
 32
0.357952
 13
-1.301706
 23
41.969494
 33
0.357952
  0
3DFACE
  8
Default_Layer
 10
4.930524
 20
35.128735
 30
-6.777673
 11
1.158887
 21
35.128727
 31
-6.777675
 12
1.559598
 22
35.523041
 32
-6.849016
 13
1.559598
 23
35.523041
 33
-6.849016
  0
3DFACE
  8
Default_Layer
 10
1.559598
 20
35.523041
 30
-6.849016
 11
4.529814
 21
35.523045
 31
-6.849016
 12
4.930524
 22
35.128735
 32
-6.777673
 13
4.930524
 23
35.128735
 33
-6.777673
  0
3DFACE
  8
Default_Layer
 10
1.158887
 20
35.128727
 30
-6.777675
 11
1.158886
 21
37.609200
 31
-7.226426
 12
1.559597
 22
37.609200
 32
-7.226425
 13
1.559597
 23
37.609200
 33
-7.226425
  0
3DFACE
  8
Default_Layer
 10
1.559597
 20
37.609200
 30
-7.226425
 11
1.559598
 21
35.523041
 31
-6.849016
 12
1.158887
 22
35.128727
 32
-6.777675
 13
1.158887
 23
35.128727
 33
-6.777675
  0
3DFACE
  8
Default_Layer
 10
1.158886
 20
37.609200
 30
-7.226426
 11
1.850339
 21
39.559994
 31
-8.090821
 12
2.141694
 22
39.193642
 32
-7.928482
 13
2.141694
 23
39.193642
 33
-7.928482
  0
3DFACE
  8
Default_Layer
 10
2.141694
 20
39.193642
 30
-7.928482
 11
1.559597
 21
37.609200
 31
-7.226425
 12
1.158886
 22
37.609200
 32
-7.226426
 13
1.158886
 23
37.609200
 33
-7.226426
  0
3DFACE
  8
Default_Layer
 10
1.850339
 20
39.559994
 30
-8.090821
 11
4.246121
 21
39.559998
 31
-8.090820
 12
3.953844
 22
39.193642
 32
-7.928479
 13
3.953844
 23
39.193642
 33
-7.928479
  0
3DFACE
  8
Default_Layer
 10
3.953844
 20
39.193642
 30
-7.928479
 11
2.141694
 21
39.193642
 31
-7.928482
 12
1.850339
 22
39.559994
 32
-8.090821
 13
1.850339
 23
39.559994
 33
-8.090821
  0
3DFACE
  8
Default_Layer
 10
4.246121
 20
39.559998
 30
-8.090820
 11
4.930533
 21
37.609200
 31
-7.226426
 12
4.529822
 22
37.609200
 32
-7.226426
 13
4.529822
 23
37.609200
 33
-7.226426
  0
3DFACE
  8
Default_Layer
 10
4.529822
 20
37.609200
 30
-7.226426
 11
3.953844
 21
39.193642
 31
-7.928479
 12
4.246121
 22
39.559998
 32
-8.090820
 13
4.246121
 23
39.559998
 33
-8.090820
  0
3DFACE
  8
Default_Layer
 10
4.930533
 20
37.609200
 30
-7.226426
 11
4.930524
 21
35.128735
 31
-6.777673
 12
4.529814
 22
35.523045
 32
-6.849016
 13
4.529814
 23
35.523045
 33
-6.849016
  0
3DFACE
  8
Default_Layer
 10
4.529814
 20
35.523045
 30
-6.849016
 11
4.529822
 21
37.609200
 31
-7.226426
 12
4.930533
 22
37.609200
 32
-7.226426
 13
4.930533
 23
37.609200
 33
-7.226426
  0
3DFACE
  8
Default_Layer
 10
-1.157950
 20
35.128723
 30
-6.777674
 11
-4.929597
 21
35.128716
 31
-6.777675
 12
-4.528888
 22
35.523029
 32
-6.849017
 13
-4.528888
 23
35.523029
 33
-6.849017
  0
3DFACE
  8
Default_Layer
 10
-4.528888
 20
35.523029
 30
-6.849017
 11
-1.558662
 21
35.523037
 31
-6.849015
 12
-1.157950
 22
35.128723
 32
-6.777674
 13
-1.157950
 23
35.128723
 33
-6.777674
  0
3DFACE
  8
Default_Layer
 10
-4.929597
 20
35.128716
 30
-6.777675
 11
-4.929612
 21
37.609200
 31
-7.226427
 12
-4.528900
 22
37.609200
 32
-7.226426
 13
-4.528900
 23
37.609200
 33
-7.226426
  0
3DFACE
  8
Default_Layer
 10
-4.528900
 20
37.609200
 30
-7.226426
 11
-4.528888
 21
35.523029
 31
-6.849017
 12
-4.929597
 22
35.128716
 32
-6.777675
 13
-4.929597
 23
35.128716
 33
-6.777675
  0
3DFACE
  8
Default_Layer
 10
-4.929612
 20
37.609200
 30
-7.226427
 11
-4.245199
 21
39.559994
 31
-8.090821
 12
-3.952922
 22
39.193642
 32
-7.928480
 13
-3.952922
 23
39.193642
 33
-7.928480
  0
3DFACE
  8
Default_Layer
 10
-3.952922
 20
39.193642
 30
-7.928480
 11
-4.528900
 21
37.609200
 31
-7.226426
 12
-4.929612
 22
37.609200
 32
-7.226427
 13
-4.929612
 23
37.609200
 33
-7.226427
  0
3DFACE
  8
Default_Layer
 10
-4.245199
 20
39.559994
 30
-8.090821
 11
-1.849405
 21
39.559994
 31
-8.090821
 12
-2.140760
 22
39.193642
 32
-7.928481
 13
-2.140760
 23
39.193642
 33
-7.928481
  0
3DFACE
  8
Default_Layer
 10
-2.140760
 20
39.193642
 30
-7.928481
 11
-3.952922
 21
39.193642
 31
-7.928480
 12
-4.245199
 22
39.559994
 32
-8.090821
 13
-4.245199
 23
39.559994
 33
-8.090821
  0
3DFACE
  8
Default_Layer
 10
-1.849405
 20
39.559994
 30
-8.090821
 11
-1.157950
 21
37.609200
 31
-7.226427
 12
-1.558662
 22
37.609200
 32
-7.226425
 13
-1.558662
 23
37.609200
 33
-7.226425
  0
3DFACE
  8
Default_Layer
 10
-1.558662
 20
37.609200
 30
-7.226425
 11
-2.140760
 21
39.193642
 31
-7.928481
 12
-1.849405
 22
39.559994
 32
-8.090821
 13
-1.849405
 23
39.559994
 33
-8.090821
  0
3DFACE
  8
Default_Layer
 10
-1.157950
 20
37.609200
 30
-7.226427
 11
-1.157950
 21
35.128723
 31
-6.777674
 12
-1.558662
 22
35.523037
 32
-6.849015
 13
-1.558662
 23
35.523037
 33
-6.849015
  0
3DFACE
  8
Default_Layer
 10
-1.558662
 20
35.523037
 30
-6.849015
 11
-1.558662
 21
37.609200
 31
-7.226425
 12
-1.157950
 22
37.609200
 32
-7.226427
 13
-1.157950
 23
37.609200
 33
-7.226427
  0
3DFACE
  8
Default_Layer
 10
4.529814
 20
35.523045
 30
-6.849016
 11
1.559598
 21
35.523041
 31
-6.849016
 12
1.559598
 22
35.615314
 32
-6.338945
 13
1.559598
 23
35.615314
 33
-6.338945
  0
3DFACE
  8
Default_Layer
 10
1.559598
 20
35.615314
 30
-6.338945
 11
4.529814
 21
35.615322
 31
-6.338945
 12
4.529814
 22
35.523045
 32
-6.849016
 13
4.529814
 23
35.523045
 33
-6.849016
  0
3DFACE
  8
Default_Layer
 10
1.559598
 20
35.523041
 30
-6.849016
 11
1.559597
 21
37.609200
 31
-7.226425
 12
1.559597
 22
37.754578
 32
-6.728879
 13
1.559597
 23
37.754578
 33
-6.728879
  0
3DFACE
  8
Default_Layer
 10
1.559597
 20
37.754578
 30
-6.728879
 11
1.559598
 21
35.615314
 31
-6.338945
 12
1.559598
 22
35.523041
 32
-6.849016
 13
1.559598
 23
35.523041
 33
-6.849016
  0
3DFACE
  8
Default_Layer
 10
1.559597
 20
37.609200
 30
-7.226425
 11
2.141694
 21
39.193642
 31
-7.928482
 12
2.141692
 22
39.403625
 32
-7.454570
 13
2.141692
 23
39.403625
 33
-7.454570
  0
3DFACE
  8
Default_Layer
 10
2.141692
 20
39.403625
 30
-7.454570
 11
1.559597
 21
37.754578
 31
-6.728879
 12
1.559597
 22
37.609200
 32
-7.226425
 13
1.559597
 23
37.609200
 33
-7.226425
  0
3DFACE
  8
Default_Layer
 10
2.141694
 20
39.193642
 30
-7.928482
 11
3.953844
 21
39.193642
 31
-7.928479
 12
3.953842
 22
39.403629
 32
-7.454566
 13
3.953842
 23
39.403629
 33
-7.454566
  0
3DFACE
  8
Default_Layer
 10
3.953842
 20
39.403629
 30
-7.454566
 11
2.141692
 21
39.403625
 31
-7.454570
 12
2.141694
 22
39.193642
 32
-7.928482
 13
2.141694
 23
39.193642
 33
-7.928482
  0
3DFACE
  8
Default_Layer
 10
3.953844
 20
39.193642
 30
-7.928479
 11
4.529822
 21
37.609200
 31
-7.226426
 12
4.529822
 22
37.754654
 32
-6.728902
 13
4.529822
 23
37.754654
 33
-6.728902
  0
3DFACE
  8
Default_Layer
 10
4.529822
 20
37.754654
 30
-6.728902
 11
3.953842
 21
39.403629
 31
-7.454566
 12
3.953844
 22
39.193642
 32
-7.928479
 13
3.953844
 23
39.193642
 33
-7.928479
  0
3DFACE
  8
Default_Layer
 10
4.529822
 20
37.609200
 30
-7.226426
 11
4.529814
 21
35.523045
 31
-6.849016
 12
4.529814
 22
35.615322
 32
-6.338945
 13
4.529814
 23
35.615322
 33
-6.338945
  0
3DFACE
  8
Default_Layer
 10
4.529814
 20
35.615322
 30
-6.338945
 11
4.529822
 21
37.754654
 31
-6.728902
 12
4.529822
 22
37.609200
 32
-7.226426
 13
4.529822
 23
37.609200
 33
-7.226426
  0
3DFACE
  8
Default_Layer
 10
-1.558662
 20
35.523037
 30
-6.849015
 11
-4.528888
 21
35.523029
 31
-6.849017
 12
-4.528889
 22
35.615307
 32
-6.338946
 13
-4.528889
 23
35.615307
 33
-6.338946
  0
3DFACE
  8
Default_Layer
 10
-4.528889
 20
35.615307
 30
-6.338946
 11
-1.558662
 21
35.615314
 31
-6.338944
 12
-1.558662
 22
35.523037
 32
-6.849015
 13
-1.558662
 23
35.523037
 33
-6.849015
  0
3DFACE
  8
Default_Layer
 10
-4.528888
 20
35.523029
 30
-6.849017
 11
-4.528900
 21
37.609200
 31
-7.226426
 12
-4.528900
 22
37.754654
 32
-6.728902
 13
-4.528900
 23
37.754654
 33
-6.728902
  0
3DFACE
  8
Default_Layer
 10
-4.528900
 20
37.754654
 30
-6.728902
 11
-4.528889
 21
35.615307
 31
-6.338946
 12
-4.528888
 22
35.523029
 32
-6.849017
 13
-4.528888
 23
35.523029
 33
-6.849017
  0
3DFACE
  8
Default_Layer
 10
-4.528900
 20
37.609200
 30
-7.226426
 11
-3.952922
 21
39.193642
 31
-7.928480
 12
-3.952922
 22
39.403625
 32
-7.454567
 13
-3.952922
 23
39.403625
 33
-7.454567
  0
3DFACE
  8
Default_Layer
 10
-3.952922
 20
39.403625
 30
-7.454567
 11
-4.528900
 21
37.754654
 31
-6.728902
 12
-4.528900
 22
37.609200
 32
-7.226426
 13
-4.528900
 23
37.609200
 33
-7.226426
  0
3DFACE
  8
Default_Layer
 10
-3.952922
 20
39.193642
 30
-7.928480
 11
-2.140760
 21
39.193642
 31
-7.928481
 12
-2.140760
 22
39.403625
 32
-7.454568
 13
-2.140760
 23
39.403625
 33
-7.454568
  0
3DFACE
  8
Default_Layer
 10
-2.140760
 20
39.403625
 30
-7.454568
 11
-3.952922
 21
39.403625
 31
-7.454567
 12
-3.952922
 22
39.193642
 32
-7.928480
 13
-3.952922
 23
39.193642
 33
-7.928480
  0
3DFACE
  8
Default_Layer
 10
-2.140760
 20
39.193642
 30
-7.928481
 11
-1.558662
 21
37.609200
 31
-7.226425
 12
-1.558662
 22
37.754578
 32
-6.728879
 13
-1.558662
 23
37.754578
 33
-6.728879
  0
3DFACE
  8
Default_Layer
 10
-1.558662
 20
37.754578
 30
-6.728879
 11
-2.140760
 21
39.403625
 31
-7.454568
 12
-2.140760
 22
39.193642
 32
-7.928481
 13
-2.140760
 23
39.193642
 33
-7.928481
  0
3DFACE
  8
Default_Layer
 10
-1.558662
 20
37.609200
 30
-7.226425
 11
-1.558662
 21
35.523037
 31
-6.849015
 12
-1.558662
 22
35.615314
 32
-6.338944
 13
-1.558662
 23
35.615314
 33
-6.338944
  0
3DFACE
  8
Default_Layer
 10
-1.558662
 20
35.615314
 30
-6.338944
 11
-1.558662
 21
37.754578
 31
-6.728879
 12
-1.558662
 22
37.609200
 32
-7.226425
 13
-1.558662
 23
37.609200
 33
-7.226425
  0
ENDSEC
  0
EOF
